comp_id,desc,image,ad_blocked,embed,ratio,duration,language,partner,partner_active,n_likes,n_tags,n_formats,dayofweek,hour,title
3001,0.073919407,0.033200113,FALSE,TRUE,1.33333,1675,2,FALSE,FALSE,0,10,2,2,3,0.058258223
3002,0.073919408,0.02199918,FALSE,TRUE,1.33333,1479,2,FALSE,FALSE,0,10,2,2,3,0.05284728
3003,0.073919408,-0.020418387,FALSE,TRUE,1.33333,1505,2,FALSE,FALSE,0,10,2,2,3,0.031518033
3004,0.007917583,0.004048503,FALSE,TRUE,1.77778,50,2,TRUE,TRUE,1,6,5,2,3,0.024947692
3005,0.073919408,-0.007974506,FALSE,TRUE,1.33333,1543,2,FALSE,FALSE,0,6,2,2,3,0.071102142
3006,-0.121023719,0.014629015,FALSE,TRUE,1.77778,68,2,TRUE,TRUE,0,2,5,2,3,-0.102635458
3007,0.073919408,-0.005820174,FALSE,TRUE,1.33333,1559,2,FALSE,FALSE,0,4,2,2,3,-0.085621343
3008,0.073919408,0.00670442,FALSE,TRUE,1.33333,1613,2,FALSE,FALSE,0,7,2,2,3,0.080778178
3009,0.073919408,0.019385606,FALSE,TRUE,1.33333,1476,2,FALSE,FALSE,0,6,2,2,3,0.03151591
3010,0.018582832,-0.011911286,FALSE,TRUE,1.33333,233,2,FALSE,FALSE,0,6,3,2,3,0.160360801
3011,-0.044283725,-0.023023044,FALSE,TRUE,1.25,1551,5,TRUE,FALSE,0,0,3,2,3,-0.057372637
3012,0.073919408,-0.011795352,FALSE,TRUE,1.33333,1343,2,FALSE,FALSE,0,10,2,2,3,-0.06043311
3013,0.035323036,0.007056644,FALSE,TRUE,1.77778,86,2,TRUE,TRUE,0,3,5,2,3,-0.055570212
3014,0.073919408,-0.001855276,FALSE,TRUE,1.33333,1424,2,FALSE,FALSE,0,9,2,2,3,-0.023046888
3015,0.073919408,0.011706418,FALSE,TRUE,1.33333,1500,2,FALSE,FALSE,0,10,2,2,3,0.104140949
3016,0.218543992,0.014430352,FALSE,TRUE,1.77778,89,2,FALSE,FALSE,0,1,2,2,2,-0.079752341
3017,-0.034849241,-0.039196976,FALSE,TRUE,1.77778,212,2,TRUE,TRUE,0,3,5,2,2,-0.044316526
3018,0.073919408,-0.00248449,FALSE,TRUE,1.33333,1656,2,FALSE,FALSE,0,10,2,2,2,-0.066431463
3019,0.073919408,0.018014252,FALSE,TRUE,1.33333,1719,2,FALSE,FALSE,0,10,2,2,2,-0.070467811
3020,0.1566135,-0.007087014,FALSE,TRUE,1.33333,71,2,FALSE,FALSE,0,10,3,2,2,-0.057212528
3021,-0.129038339,0.002331144,FALSE,FALSE,1.22222,638,2,FALSE,FALSE,0,0,2,2,2,0.034527651
3022,-0.129038339,-0.0093837,FALSE,FALSE,1.22222,637,2,FALSE,FALSE,0,0,2,2,2,0.039987616
3023,0.014290504,-0.01069433,FALSE,TRUE,1.77778,44,2,FALSE,FALSE,0,5,4,2,2,-0.069766741
3024,0.304258432,-0.004049082,FALSE,TRUE,1.77778,61,2,TRUE,TRUE,0,3,5,2,2,-0.07932117
3025,0.008741889,0.008493942,FALSE,TRUE,1.33333,488,2,FALSE,FALSE,0,0,5,2,2,0.009549146
3026,0.164301657,0.008661574,FALSE,TRUE,1.77778,66,2,TRUE,TRUE,0,5,5,2,2,0.239030611
3027,-0.140976575,0.02419749,FALSE,TRUE,1.77778,12627,2,TRUE,FALSE,0,0,2,2,2,-0.013637018
3028,-0.129038339,0.016511455,FALSE,TRUE,1.77778,211,4,FALSE,FALSE,0,0,4,2,2,0.242815312
3029,-0.129038339,0.007395936,FALSE,FALSE,1.33333,572,2,FALSE,FALSE,0,0,2,2,2,0.135372578
3030,-0.129038339,-0.009345779,FALSE,FALSE,1.33333,572,2,FALSE,FALSE,0,0,2,2,2,0.121607205
3031,-0.129038339,-0.021922538,FALSE,FALSE,1.33333,569,2,FALSE,FALSE,0,0,2,2,2,0.12585384
3032,-0.129038339,-0.000629004,FALSE,FALSE,1.22222,609,2,FALSE,FALSE,0,0,2,2,2,0.042468162
3033,-0.129038339,0.009250167,FALSE,FALSE,1.22222,612,2,FALSE,FALSE,0,0,2,2,2,0.036098196
3034,0.123814402,0.009425095,FALSE,TRUE,1.77778,1163,2,TRUE,FALSE,0,0,4,2,2,-0.027527935
3035,-0.036540535,0.007611118,FALSE,TRUE,1.77778,220,2,FALSE,FALSE,0,5,2,2,2,-0.165581614
3036,0.145378803,-0.007722049,FALSE,TRUE,1.76667,383,2,FALSE,FALSE,0,2,3,2,2,0.349089474
3037,0.258402562,-0.031661175,FALSE,TRUE,1.77778,5765,2,TRUE,FALSE,0,0,2,2,2,-0.299852045
3038,0.054263089,0.000440495,FALSE,TRUE,1.33333,383,2,FALSE,FALSE,0,0,3,2,2,0.130361725
3039,-0.129038339,0.01433962,FALSE,FALSE,1.22222,629,2,FALSE,FALSE,0,0,2,2,2,-0.042447693
3040,-0.129038339,-0.01455851,FALSE,FALSE,1.22222,627,2,FALSE,FALSE,0,0,2,2,2,-0.038201052
3041,0.232664133,0.017350894,FALSE,TRUE,1.77778,1309,2,TRUE,FALSE,0,0,4,2,2,-0.004176719
3042,0.137299864,-0.014304646,FALSE,TRUE,1.77778,8371,2,TRUE,FALSE,0,0,2,2,1,0.038913498
3043,0.018317556,-0.01995063,FALSE,TRUE,1.77778,4575,2,TRUE,FALSE,1,0,4,2,1,-0.152992564
3044,-0.129038339,0.020199916,FALSE,FALSE,1.8,665,2,FALSE,FALSE,0,0,2,2,1,0.069604428
3045,-0.129038339,0.019166797,FALSE,FALSE,1.8,660,2,FALSE,FALSE,0,0,2,2,1,0.073426415
3046,-0.129038339,0.006582527,FALSE,FALSE,1.22222,612,2,FALSE,FALSE,0,0,2,2,1,0.097068209
3047,-0.129038339,-0.032968295,FALSE,FALSE,1.22222,611,2,FALSE,FALSE,0,0,2,2,1,0.040630484
3048,-0.003918469,-0.012230484,FALSE,TRUE,1.77778,860,2,TRUE,FALSE,0,0,4,2,1,0.024549412
3049,-0.129038339,0.023732141,FALSE,FALSE,1.22222,633,2,FALSE,FALSE,0,0,2,2,1,0.098603903
3050,-0.129038339,0.013798215,FALSE,FALSE,1.22222,630,2,FALSE,FALSE,0,0,2,2,1,0.063330321
3051,-0.008553838,-0.020777919,FALSE,TRUE,1.77778,40,2,TRUE,FALSE,0,3,4,2,1,-0.0480338
3052,0.101509428,-0.008136747,FALSE,TRUE,1.33333,56,2,FALSE,FALSE,0,4,3,2,1,-0.342548097
3053,0.074320435,-0.002289794,FALSE,TRUE,1.77778,1175,2,TRUE,FALSE,0,0,4,2,1,0.025339269
3054,-0.129038339,0.025027386,FALSE,TRUE,1.18889,480,2,TRUE,FALSE,0,0,4,2,1,-0.150935233
3055,-0.001588668,0.018522039,FALSE,TRUE,1.77778,536,2,TRUE,FALSE,0,0,4,2,1,-0.180532053
3056,0.237647519,0.021554687,FALSE,TRUE,1.77778,1085,2,TRUE,FALSE,0,0,4,2,1,-0.082503414
3057,-0.286417611,0.000401758,FALSE,TRUE,1.77778,607,2,TRUE,FALSE,0,0,4,2,1,-0.09048537
3058,-0.129038339,0.012540162,FALSE,FALSE,1.8,649,2,FALSE,FALSE,0,0,2,2,1,0.049064774
3059,-0.129038339,0.002515512,FALSE,FALSE,1.8,649,2,FALSE,FALSE,0,0,2,2,1,0.044818127
3060,-0.129038339,-0.003300093,FALSE,FALSE,1.8,445,2,FALSE,FALSE,0,0,2,2,1,0.029739629
3061,-0.129038339,0.002676155,FALSE,FALSE,1.8,443,2,FALSE,FALSE,0,0,2,2,1,0.037383594
3062,-0.006090016,0.002970076,FALSE,TRUE,1.73077,60,2,FALSE,FALSE,0,1,3,2,1,0.151801574
3063,-0.031577408,-0.025118726,FALSE,TRUE,1.33333,48,2,FALSE,FALSE,0,1,3,2,1,0.12241941
3064,-0.009071184,-0.010880121,FALSE,TRUE,1.33333,340,2,FALSE,FALSE,0,4,4,2,0,0.164247025
3065,0.049535472,0.015895047,FALSE,TRUE,1.33333,189,2,FALSE,FALSE,0,0,2,2,0,-0.063282812
3066,0.046531136,-0.008463592,FALSE,TRUE,1.77778,121,2,FALSE,FALSE,0,10,2,2,0,-0.039273306
3067,-0.044283725,-0.022689209,FALSE,TRUE,1.25,2125,5,TRUE,FALSE,0,0,3,2,0,-0.012300393
3068,-0.152224799,-0.004865986,FALSE,TRUE,1.25,34,2,FALSE,FALSE,0,1,3,2,0,0.045546735
3069,-0.100178584,0.012402797,FALSE,TRUE,1.25,35,2,FALSE,FALSE,0,1,3,2,0,-0.000890473
3070,-0.217457661,0.009882266,FALSE,TRUE,1.25,35,2,FALSE,FALSE,0,1,3,2,0,0.08923401
3071,-0.05536328,0.010285187,FALSE,TRUE,1.25,34,2,FALSE,FALSE,0,1,3,2,0,0.146235989
3072,0.007916578,0.002058477,FALSE,TRUE,1.25,34,2,FALSE,FALSE,0,1,3,2,0,-0.05119679
3073,-0.192804125,-0.037045134,FALSE,TRUE,1.33333,38,10,FALSE,FALSE,0,5,3,2,0,-0.342019648
3074,0.086471864,0.008395153,FALSE,TRUE,1.33333,1158,2,FALSE,FALSE,0,0,2,2,0,-0.151178282
3075,0.205003387,-0.011740312,FALSE,TRUE,1.48837,57,2,FALSE,FALSE,0,2,2,2,0,-0.062627575
3076,-0.129038339,-0.005133558,FALSE,TRUE,1.33333,265,3,FALSE,FALSE,3,2,2,2,0,0.147766042
3077,0.026846492,-0.038499372,FALSE,TRUE,1.77778,2078,3,FALSE,FALSE,0,10,2,2,0,-0.06010135
3078,0.020622113,-0.014086649,FALSE,TRUE,1.8,62,2,FALSE,FALSE,0,8,2,2,0,-0.220760815
3079,0.279300618,0.012392892,FALSE,TRUE,1.33333,1157,2,FALSE,FALSE,0,0,2,1,23,0.214008911
3080,0.044235379,-0.006135428,FALSE,TRUE,1.33333,1223,2,FALSE,FALSE,0,0,3,1,23,0.390506328
3081,-0.074265974,0.009359917,FALSE,TRUE,1.33333,53,2,FALSE,FALSE,0,1,3,1,23,0.11391901
3082,0.200047015,0.010071853,FALSE,TRUE,1.33333,1159,2,FALSE,FALSE,1,0,2,1,23,0.370993001
3083,0.443464642,0.026182234,FALSE,TRUE,1.33333,274,5,FALSE,FALSE,0,1,2,1,23,0.24294502
3084,-0.074265974,0.021359398,FALSE,TRUE,1.73077,46,2,FALSE,FALSE,0,1,3,1,23,0.087051669
3085,0.443464642,0.004299501,FALSE,TRUE,1.33333,2337,5,FALSE,FALSE,0,1,2,1,23,0.270871001
3086,0.065552895,0.016666363,FALSE,TRUE,1.77778,82,2,FALSE,FALSE,0,5,4,1,23,0.090150334
3087,0.023073776,0.01689203,FALSE,TRUE,1.76667,127,2,FALSE,FALSE,0,7,3,1,23,0.091736317
3088,-0.02122859,0.004061124,FALSE,TRUE,1.77778,160,2,FALSE,FALSE,0,10,4,1,23,-0.032298858
3089,-0.122675815,-0.015607132,FALSE,TRUE,1.33333,1155,2,FALSE,FALSE,0,0,2,1,23,0.076438873
3090,0.004884117,-0.002954524,FALSE,TRUE,1.33333,239,2,FALSE,FALSE,0,10,2,1,23,0.01049977
3091,0.443464642,0.008223815,FALSE,TRUE,1.33333,1766,5,FALSE,FALSE,0,1,2,1,23,0.352748997
3092,-0.129038339,0.027668337,FALSE,TRUE,1.33333,2428,2,FALSE,FALSE,0,0,3,1,23,-0.065058045
3093,-0.129038339,0.013755403,FALSE,TRUE,1.33333,2412,2,FALSE,FALSE,0,0,3,1,23,-0.029859817
3094,-0.129038339,-0.007548819,FALSE,TRUE,1.33333,2383,2,FALSE,FALSE,0,0,3,1,23,-0.086387214
3095,-0.129038339,-0.00176702,FALSE,TRUE,1.33333,2440,2,FALSE,FALSE,0,0,3,1,23,-0.094473682
3096,-0.129038339,0.002685206,FALSE,TRUE,1.33333,2547,2,FALSE,FALSE,0,0,3,1,23,-0.009335904
3097,-0.129038339,0.004438502,FALSE,TRUE,1.33333,2384,2,FALSE,FALSE,0,0,3,1,23,-0.069154824
3098,-0.129038339,-0.014443992,FALSE,TRUE,1.33333,2408,2,FALSE,FALSE,0,0,3,1,23,-0.02503308
3099,-0.129038339,0.027338102,FALSE,TRUE,1.33333,2462,2,FALSE,FALSE,0,0,3,1,23,-0.042380509
3100,-0.129038339,0.012613237,FALSE,TRUE,1.33333,2484,2,FALSE,FALSE,0,0,3,1,23,-0.101288522
3101,-0.129038339,0.005080405,FALSE,TRUE,1.33333,2460,2,FALSE,FALSE,0,0,3,1,22,-0.037486704
3102,-0.129038339,0.022966767,FALSE,TRUE,1.33333,2355,2,FALSE,FALSE,0,0,3,1,22,-0.051667928
3103,-0.129038339,0.024602461,FALSE,TRUE,1.33333,2381,2,FALSE,FALSE,0,0,3,1,22,-0.032755987
3104,-0.129038339,0.011242938,FALSE,TRUE,1.33333,1391,2,FALSE,FALSE,0,0,3,1,22,-0.018824938
3105,-0.129038339,0.044547308,FALSE,TRUE,1.33333,2409,2,FALSE,FALSE,0,0,3,1,22,-0.079378068
3106,-0.129038339,0.018796418,FALSE,TRUE,1.33333,2500,2,FALSE,FALSE,0,0,3,1,22,-0.078987645
3107,-0.129038339,0.0262306,FALSE,TRUE,1.33333,2391,2,FALSE,FALSE,0,0,3,1,22,-0.071217168
3108,-0.012927511,-0.031249975,FALSE,TRUE,1.77778,25,2,FALSE,FALSE,0,3,3,1,22,0.167045197
3109,-0.129038339,0.012023418,FALSE,TRUE,1.33333,2376,2,FALSE,FALSE,0,0,3,1,22,-0.057530882
3110,-0.129038339,-0.011383803,FALSE,TRUE,1.33333,2408,2,FALSE,FALSE,0,0,3,1,22,-0.052257531
3111,0.279630847,-0.005743327,FALSE,TRUE,1.77778,151,2,FALSE,FALSE,0,6,2,1,22,0.210261145
3112,-0.129038339,0.028368828,FALSE,TRUE,1.33333,2487,2,FALSE,FALSE,0,0,3,1,22,-0.049489552
3113,-0.129038339,0.030702174,FALSE,TRUE,1.33333,2433,2,FALSE,FALSE,0,0,3,1,22,-0.070898337
3114,-0.129038339,0.008814145,FALSE,TRUE,1.33333,2391,2,FALSE,FALSE,0,0,3,1,22,-0.025838702
3115,-0.129038339,-0.006847299,FALSE,TRUE,1.33333,2398,2,FALSE,FALSE,0,0,3,1,22,-0.101580189
3116,-0.129038339,-0.000193841,FALSE,TRUE,1.33333,1362,2,FALSE,FALSE,0,0,3,1,22,-0.030900619
3117,-0.129038339,0.031520828,FALSE,TRUE,1.33333,2434,2,FALSE,FALSE,0,0,3,1,22,-0.031905693
3118,-0.129038339,0.006453509,FALSE,TRUE,1.33333,2517,2,FALSE,FALSE,0,0,3,1,22,-0.039928231
3119,-0.129038339,-9.93839E-05,FALSE,TRUE,1.33333,2571,2,FALSE,FALSE,0,0,3,1,22,-0.045892269
3120,0.377397805,-0.029195532,FALSE,TRUE,1.33333,304,2,FALSE,FALSE,0,7,3,1,22,-0.146244053
3121,-0.129038339,-0.007022033,FALSE,TRUE,1.33333,1052,2,FALSE,FALSE,0,0,3,1,22,-0.078626825
3122,-0.129038339,-0.002815899,FALSE,TRUE,1.33333,1250,2,FALSE,FALSE,0,0,3,1,22,-0.028807315
3123,-0.129038339,0.027652207,FALSE,TRUE,1.33333,1255,2,FALSE,FALSE,0,0,3,1,22,-0.036933491
3124,-0.129038339,0.026741227,FALSE,TRUE,1.33333,2056,2,FALSE,FALSE,0,0,3,1,22,-0.02216957
3125,-0.129038339,0.005389143,FALSE,TRUE,1.33333,2425,2,FALSE,FALSE,0,0,3,1,22,-0.06352344
3126,0.06168702,0.018233697,FALSE,TRUE,1.77778,42,2,FALSE,FALSE,0,6,4,1,22,0.0463801
3127,-0.129038339,-0.014293801,FALSE,TRUE,1.33333,1137,2,FALSE,FALSE,0,0,3,1,22,-0.054618195
3128,-0.129038339,0.019257141,FALSE,TRUE,1.33333,1101,2,FALSE,FALSE,0,0,3,1,22,-0.08742379
3129,-0.129038339,0.001556809,FALSE,TRUE,1.33333,1064,2,FALSE,FALSE,0,0,3,1,22,-0.013421487
3130,-0.073072578,0.017861271,FALSE,TRUE,1.77778,211,2,FALSE,FALSE,0,10,2,1,22,0.082380159
3131,0.032536804,0.013351607,FALSE,TRUE,1.77778,78,2,FALSE,FALSE,0,2,2,1,22,-0.20499221
3132,-0.049673645,0.009841119,FALSE,TRUE,1.5,67,2,FALSE,FALSE,0,3,3,1,22,-0.032011142
3133,0.004884117,-0.033585821,FALSE,TRUE,1.77778,94,2,FALSE,FALSE,0,10,2,1,22,0.082513019
3134,0.088391839,0.017253591,FALSE,TRUE,1.33333,79,2,FALSE,FALSE,0,3,2,1,22,-0.016563919
3135,0.232392825,-0.007032956,FALSE,TRUE,1.22222,264,2,FALSE,FALSE,0,10,2,1,22,-0.067493579
3136,0.08491125,-0.066204114,FALSE,TRUE,1.77778,178,2,FALSE,FALSE,0,5,4,1,22,-0.031041602
3137,-0.129038339,0.006853152,FALSE,TRUE,1.33333,1726,2,FALSE,FALSE,0,0,3,1,21,0.109670734
3138,-0.129038339,-0.016184376,FALSE,TRUE,1.33333,18,10,FALSE,FALSE,0,11,2,1,21,0.017974719
3139,-0.129038339,0.008049924,FALSE,TRUE,1.33333,1592,2,FALSE,FALSE,0,0,3,1,21,-0.057001289
3140,-0.129038339,0.004035919,FALSE,TRUE,1.33333,1714,2,FALSE,FALSE,0,0,3,1,21,-0.235097009
3141,-0.129038339,0.030350425,FALSE,TRUE,1.33333,1511,2,FALSE,FALSE,0,0,3,1,21,0.323591129
3142,-0.129038339,0.025984104,FALSE,TRUE,1.33333,1524,2,FALSE,FALSE,0,0,3,1,21,-0.278979849
3143,-0.096276864,0.003850898,FALSE,TRUE,1.77778,329,2,FALSE,FALSE,0,10,4,1,21,0.133136898
3144,-0.045494332,-0.007935089,FALSE,TRUE,1.77778,171,2,FALSE,FALSE,0,7,4,1,21,0.056169664
3145,0.238364268,0.022070237,FALSE,TRUE,1.77778,663,2,FALSE,FALSE,0,10,4,1,21,0.085317058
3146,-0.129038339,0.005287561,FALSE,TRUE,1.77778,167,4,FALSE,FALSE,0,0,4,1,21,-0.042861412
3147,0.065168316,-0.026928295,FALSE,TRUE,1.77778,50,2,FALSE,FALSE,0,10,4,1,21,0.129912413
3148,0.050950393,-0.015487064,FALSE,TRUE,1.76471,124,2,FALSE,FALSE,0,9,2,1,21,0.034080459
3149,0.076089606,0.014454679,FALSE,TRUE,1.77778,68,2,FALSE,FALSE,2,0,4,1,21,0.027626788
3150,0.044229408,0.01172918,FALSE,TRUE,1.33333,1459,2,FALSE,FALSE,2,5,3,1,21,-0.018490406
3151,0.041441839,-0.043775802,FALSE,TRUE,1.77778,49,2,FALSE,FALSE,0,10,4,1,21,0.010119978
3152,0.076307824,-0.035055512,FALSE,TRUE,1.77778,47,2,FALSE,FALSE,0,10,4,1,21,0.114529326
3153,0.064375508,-0.032791004,FALSE,TRUE,1.77778,50,2,FALSE,FALSE,0,10,4,1,21,0.074639812
3154,0.058874339,0.007895683,FALSE,TRUE,1.77778,60,5,FALSE,FALSE,1,9,4,1,21,0.116920864
3155,0.073964486,-0.033314608,FALSE,TRUE,1.77778,49,2,FALSE,FALSE,0,10,4,1,21,0.051615044
3156,0.060672049,-0.039299091,FALSE,TRUE,1.77778,48,2,FALSE,FALSE,0,10,4,1,21,0.155916183
3157,0.013662343,-0.018379917,FALSE,TRUE,1.76471,211,2,FALSE,FALSE,0,9,2,1,21,0.053518244
3158,0.08443026,0.027394552,FALSE,TRUE,1.31579,1386,2,FALSE,FALSE,0,1,2,1,21,-0.00567751
3159,0.067045789,-0.02829759,FALSE,TRUE,1.77778,44,2,FALSE,FALSE,0,10,4,1,21,0.08970611
3160,0.054676166,-0.043213167,FALSE,TRUE,1.77778,48,2,FALSE,FALSE,0,10,4,1,21,0.033120119
3161,0.183269289,0.00291232,FALSE,TRUE,1.73077,383,2,FALSE,FALSE,0,7,2,1,21,-0.094476339
3162,0.079269715,-0.036554544,FALSE,TRUE,1.77778,44,2,FALSE,FALSE,0,10,4,1,21,0.047492437
3163,0.0837929,-0.035772985,FALSE,TRUE,1.77778,47,2,FALSE,FALSE,0,10,4,1,21,0.02728651
3164,0.080651765,-0.04653455,FALSE,TRUE,1.77778,43,2,FALSE,FALSE,0,10,4,1,21,0.039950307
3165,0.080696184,-0.035398561,FALSE,TRUE,1.77778,48,2,FALSE,FALSE,0,10,4,1,20,0.086360984
3166,0.084768589,-0.039385397,FALSE,TRUE,1.77778,45,2,FALSE,FALSE,0,10,4,1,20,0.040675355
3167,0.061525746,-0.043871474,FALSE,TRUE,1.77778,41,2,FALSE,FALSE,0,10,4,1,20,0.015732393
3168,0.072748951,-0.034533901,FALSE,TRUE,1.77778,49,2,FALSE,FALSE,0,10,4,1,20,-0.052595989
3169,0.060406167,-0.030667096,FALSE,TRUE,1.77778,43,2,FALSE,FALSE,0,10,4,1,20,0.086527176
3170,-0.129038339,0.007855318,FALSE,TRUE,1.33333,181,2,FALSE,FALSE,0,6,3,1,20,-0.047721407
3171,0.058185737,0.015779452,FALSE,TRUE,1.33333,56,2,FALSE,FALSE,0,10,4,1,20,-0.188729931
3172,0.07282066,0.006925153,FALSE,TRUE,1.77273,172,2,FALSE,FALSE,0,4,4,1,20,0.045103789
3173,0.061307388,-0.007051073,FALSE,TRUE,1.77273,112,2,FALSE,FALSE,0,4,4,1,20,-0.003077042
3174,-0.128023032,0.007463131,FALSE,TRUE,1.77778,138,2,FALSE,FALSE,0,0,2,1,20,-0.119124867
3175,0.207372437,-0.026449261,FALSE,TRUE,1.77778,141,2,FALSE,FALSE,0,1,4,1,20,-0.087170564
3176,-0.026116816,0.008338473,FALSE,TRUE,1.77273,179,2,FALSE,FALSE,0,6,4,1,20,-0.065834592
3177,0.085849187,-0.023332067,FALSE,TRUE,1.76471,44,2,TRUE,TRUE,0,8,2,1,20,-0.142198843
3178,-0.23083094,-0.016394522,FALSE,TRUE,1.76471,35,2,TRUE,TRUE,0,9,2,1,20,-0.139240499
3179,-0.060828086,-0.012784935,FALSE,TRUE,1.76471,43,2,TRUE,TRUE,0,9,2,1,20,0.204046576
3180,-0.014857422,-0.004423662,FALSE,TRUE,1.76471,31,2,TRUE,TRUE,0,6,2,1,20,-0.027583537
3181,0.150673672,-0.009417261,FALSE,TRUE,1.76471,36,2,TRUE,TRUE,0,9,2,1,20,0.049057625
3182,0.010182929,-0.010927514,FALSE,TRUE,1.76471,32,2,TRUE,TRUE,0,8,2,1,20,-0.094068011
3183,0.135709062,-0.013117224,FALSE,TRUE,1.76,28,2,FALSE,FALSE,0,1,3,1,20,-0.085130027
3184,-0.129038339,0.033021725,FALSE,TRUE,2.46154,536,2,FALSE,FALSE,0,0,2,1,20,-0.508635278
3185,-0.190543381,0.006765639,FALSE,TRUE,1.33333,44,2,TRUE,FALSE,0,2,2,1,20,0.142800195
3186,-0.129038339,-0.024887977,FALSE,TRUE,1.77778,1870,2,FALSE,FALSE,0,0,2,1,20,-0.101668017
3187,-0.129038339,0.006120901,FALSE,TRUE,1.33333,227,2,FALSE,FALSE,0,0,2,1,20,0.104016586
3188,-0.019852333,-0.025599867,FALSE,TRUE,1.77778,324,2,TRUE,FALSE,0,9,4,1,20,-0.273383225
3189,0.213199501,-0.0108221,FALSE,TRUE,1.77778,215,2,FALSE,FALSE,0,1,4,1,20,0.015484378
3190,0.109844454,0.018063424,FALSE,TRUE,1.77778,2867,2,TRUE,TRUE,0,2,2,1,20,-0.642644865
3191,0.193499945,-0.035368238,FALSE,TRUE,1.77778,110,2,FALSE,FALSE,0,1,4,1,19,-0.082891504
3192,0.150800671,-0.004518024,FALSE,TRUE,1.77778,1935,2,TRUE,TRUE,0,4,4,1,19,0.011839014
3193,0.37798227,-0.020151281,FALSE,TRUE,1.77778,36,2,FALSE,FALSE,0,4,2,1,19,-0.140662181
3194,0.039400163,-0.038291255,FALSE,TRUE,1.77778,1279,2,FALSE,FALSE,0,3,2,1,19,0.061942575
3195,-0.129038339,0.004998026,FALSE,TRUE,1.33333,57,2,FALSE,FALSE,0,8,2,1,19,-0.354333739
3196,-0.129038339,0.018719024,FALSE,TRUE,2.46154,2250,2,FALSE,FALSE,0,0,2,1,19,-0.027536966
3197,0.147012394,0.007874036,FALSE,TRUE,1.76667,144,2,FALSE,FALSE,0,8,3,1,19,0.250257489
3198,-0.129038339,0.027756509,FALSE,TRUE,2.46154,2252,2,FALSE,FALSE,0,0,2,1,19,0.037632154
3199,0.021496404,-0.002227882,FALSE,TRUE,1.33333,623,2,FALSE,FALSE,0,10,3,1,19,0.339510449
3200,-0.129038339,0.001791663,FALSE,TRUE,2.46154,2252,2,FALSE,FALSE,0,0,2,1,19,0.266544024
3201,0.256052023,0.006096271,FALSE,TRUE,1.77778,56,2,FALSE,FALSE,0,10,4,1,19,-0.155632915
3202,0.213506166,0.000556957,FALSE,TRUE,1.77778,84,2,FALSE,FALSE,0,7,4,1,19,-0.06823769
3203,0.070407005,-0.016472619,FALSE,TRUE,1.33333,486,2,FALSE,FALSE,0,9,3,1,19,0.177120332
3204,-0.003060314,0.002708947,FALSE,TRUE,1.77778,84,2,FALSE,FALSE,0,8,4,1,18,0.119562115
3205,0.02076608,0.018036094,FALSE,TRUE,1.77778,304,2,FALSE,FALSE,0,8,4,1,18,-0.044022884
3206,0.025257945,-0.003992657,FALSE,TRUE,2.35294,44,2,FALSE,FALSE,0,7,4,1,18,-0.273683662
3207,0.10298651,-0.026439669,FALSE,TRUE,1.77273,149,2,FALSE,FALSE,0,4,4,1,18,0.079632386
3208,-0.188650155,0.016619098,FALSE,TRUE,1.77778,77,2,FALSE,FALSE,0,2,4,1,18,0.089947409
3209,0.029255295,0.001414013,FALSE,TRUE,1.76667,101,2,FALSE,FALSE,0,10,3,1,18,-0.116315667
3210,-0.024911932,-0.00452945,FALSE,TRUE,1.76667,103,2,FALSE,FALSE,0,5,3,1,18,0.042883803
3211,0.086163758,-0.012312902,FALSE,TRUE,1.77778,231,2,FALSE,FALSE,0,10,4,1,18,-0.094889088
3212,0.231115667,-0.017633334,FALSE,TRUE,1.33333,21,2,FALSE,FALSE,0,1,3,1,18,-0.117225333
3213,-0.001997749,-0.003733566,FALSE,TRUE,1.33333,33,2,FALSE,FALSE,1,2,3,1,18,-0.211745156
3214,0.275220802,-0.007714495,FALSE,TRUE,1.77778,77,2,FALSE,FALSE,0,3,4,1,18,-0.102115145
3215,-0.030818437,-0.013777641,FALSE,TRUE,1.77778,87,2,FALSE,FALSE,0,9,2,1,18,-0.013306258
3216,0.027093605,0.011398256,FALSE,TRUE,1.33333,31,2,FALSE,FALSE,0,3,2,1,18,-0.129544849
3217,0.014390632,-0.005101906,FALSE,TRUE,1.77778,92,2,FALSE,FALSE,0,3,4,1,18,-0.026405822
3218,0.014092063,-0.023919398,FALSE,TRUE,1.77778,171,2,FALSE,FALSE,0,6,4,1,18,-0.088014695
3219,0.118107498,0.0060426,FALSE,TRUE,1.77778,849,2,FALSE,FALSE,0,10,4,1,18,-0.092477947
3220,0.25157294,0.014947664,FALSE,TRUE,1.77778,218,2,FALSE,FALSE,0,10,4,1,18,-0.350264009
3221,-0.122803886,-0.017807473,FALSE,TRUE,1.25,1265,4,TRUE,FALSE,0,10,3,1,18,0.124517194
3222,-0.004013871,0.009085277,FALSE,TRUE,1.76667,133,2,FALSE,FALSE,0,6,3,1,18,0.007701897
3223,-0.129038339,0.001851838,FALSE,TRUE,1.72414,123,2,FALSE,FALSE,0,0,2,1,18,-0.215370077
3224,0.014553855,0.001124856,FALSE,TRUE,1.77778,40,2,FALSE,FALSE,0,4,4,1,18,0.027066326
3225,0.139998195,-0.019493876,FALSE,TRUE,1.77778,207,2,TRUE,TRUE,0,10,2,1,18,-0.101682444
3226,0.084187723,0.011999071,FALSE,TRUE,1.77778,342,2,TRUE,FALSE,0,10,4,1,18,0.173783757
3227,0.074999443,-0.025869962,FALSE,TRUE,1.77778,218,2,TRUE,TRUE,0,10,2,1,18,-0.111051803
3228,0.121072997,-0.02057398,FALSE,TRUE,1.77778,188,2,TRUE,TRUE,0,0,2,1,18,-0.185645093
3229,0.121722111,-0.019628279,FALSE,TRUE,1.77778,201,2,TRUE,TRUE,0,10,2,1,17,-0.007133011
3230,0.247344846,-0.002042218,FALSE,TRUE,1.77778,296,2,TRUE,FALSE,0,10,4,1,17,0.100138875
3231,-0.071930993,0.027658345,FALSE,TRUE,1.77778,453,2,FALSE,FALSE,0,0,4,1,17,0.128464497
3232,-0.052439728,0.000346301,FALSE,TRUE,1.33333,176,2,TRUE,FALSE,0,0,4,1,17,-0.208091931
3233,0.078868962,-0.032517703,FALSE,TRUE,1.33333,242,2,TRUE,FALSE,0,0,4,1,17,-0.154862737
3234,0.132192445,-0.02084778,FALSE,TRUE,1.33333,343,2,TRUE,FALSE,0,0,4,1,17,0.140839613
3235,-0.052632541,-0.013843018,FALSE,TRUE,1.77778,369,2,TRUE,FALSE,0,0,4,1,17,-0.077408689
3236,0.171778847,0.012405556,FALSE,TRUE,1.33333,361,2,TRUE,FALSE,0,0,3,1,17,0.187564855
3237,0.107301887,0.012503865,FALSE,TRUE,1.77778,184,2,TRUE,FALSE,0,0,4,1,17,0.162887483
3238,0.042002876,0.008450233,FALSE,TRUE,1.33333,247,2,TRUE,FALSE,0,0,4,1,17,-0.167296036
3239,0.082453999,0.016831113,FALSE,TRUE,1.76471,556,2,TRUE,FALSE,0,0,2,1,17,-0.009364609
3240,-0.072198957,0.010262072,FALSE,TRUE,1.77778,315,2,TRUE,FALSE,0,0,4,1,17,0.040670257
3241,-0.042214243,0.013819392,FALSE,TRUE,1.77778,212,2,FALSE,FALSE,0,0,4,1,17,0.053084194
3242,0.105437793,0.017223705,FALSE,TRUE,1.77778,203,2,FALSE,FALSE,0,5,4,1,17,0.018665897
3243,-0.044303519,0.01510842,FALSE,TRUE,1.77778,352,2,TRUE,FALSE,0,0,4,1,17,-0.064325826
3244,0.05226729,0.008184701,FALSE,TRUE,1.76471,492,2,TRUE,FALSE,0,0,2,1,17,-0.001597013
3245,0.017824852,0.007613687,FALSE,TRUE,1.77778,195,2,FALSE,FALSE,0,7,4,1,17,-0.086560765
3246,0.135855341,-0.006823536,FALSE,TRUE,1.77778,289,2,TRUE,FALSE,0,0,4,1,17,-0.030311995
3247,0.082340926,-0.003657236,FALSE,TRUE,1.77273,190,2,FALSE,FALSE,0,4,4,1,17,0.05558352
3248,-0.014131878,0.005397128,FALSE,TRUE,1.77778,263,2,TRUE,FALSE,0,0,4,1,17,-0.129603972
3249,-0.064691307,0.007996572,FALSE,TRUE,1.77778,402,2,TRUE,FALSE,0,0,4,1,17,-0.139881993
3250,-0.063241017,-0.008815472,FALSE,TRUE,1.77778,251,2,FALSE,FALSE,0,0,4,1,17,-0.208739289
3251,-0.063241017,0.01136822,FALSE,TRUE,1.77778,409,2,FALSE,FALSE,0,0,4,1,17,-0.268891752
3252,-0.063241017,0.010894991,FALSE,TRUE,1.77778,101,2,FALSE,FALSE,0,0,4,1,17,-0.124997773
3253,-0.063241017,-0.01635029,FALSE,TRUE,1.77778,40,2,FALSE,FALSE,0,0,4,1,17,0.166719738
3254,0.266052968,-0.046304505,FALSE,TRUE,1.76667,3849,2,TRUE,TRUE,0,0,3,1,17,-0.02318441
3255,0.471148993,0.012597968,FALSE,TRUE,1.76667,3580,2,TRUE,TRUE,1,0,3,1,17,-0.03571775
3256,-0.063241017,-0.006377533,FALSE,TRUE,1.77778,219,2,FALSE,FALSE,0,0,4,1,17,-0.239098722
3257,-0.063241017,0.009936084,FALSE,TRUE,1.77778,22,2,FALSE,FALSE,0,0,4,1,17,-0.367236867
3258,-0.063241017,0.018069772,FALSE,TRUE,1.77778,153,2,FALSE,FALSE,0,0,2,1,17,-0.17054788
3259,-0.129038339,-0.00500638,FALSE,TRUE,1.76471,419,2,FALSE,FALSE,0,9,2,1,17,0.022636558
3260,0.057298748,-0.017994408,FALSE,TRUE,1.76471,518,2,FALSE,FALSE,0,10,2,1,17,-0.05900063
3261,-0.129038339,-0.019768154,FALSE,TRUE,1.77778,259,2,FALSE,FALSE,0,0,2,1,17,0.036775282
3262,-0.058876226,-0.010237141,FALSE,TRUE,1.77778,184,2,FALSE,FALSE,1,6,4,1,16,-0.189606083
3263,-0.129038339,-0.020168457,FALSE,TRUE,1.33333,270,2,FALSE,FALSE,0,0,1,1,16,0.341272892
3264,0.059021261,-0.004530518,FALSE,TRUE,1.77778,501,2,FALSE,FALSE,0,0,4,1,16,-0.057471187
3265,0.014668362,0.010538281,FALSE,TRUE,1.77778,190,2,FALSE,FALSE,0,0,4,1,16,-0.123357012
3266,0.727909946,0.032292084,FALSE,TRUE,1.76,2880,2,FALSE,FALSE,0,7,3,1,16,0.054065554
3267,0.039813995,0.012103478,FALSE,TRUE,1.77778,120,2,FALSE,FALSE,0,5,4,1,16,-0.083073813
3268,0.063781161,0.012618317,FALSE,TRUE,1.33333,1128,2,TRUE,FALSE,0,6,3,1,16,-0.040393399
3269,-0.129038339,0.021067917,FALSE,TRUE,1.33333,961,3,FALSE,FALSE,0,3,2,1,16,0.080170684
3270,-0.129038339,-0.008848141,FALSE,TRUE,1.77778,1743,2,FALSE,FALSE,0,0,2,1,16,-0.385110737
3271,0.123884418,0.013946738,FALSE,TRUE,1.33333,893,2,FALSE,FALSE,0,0,2,1,16,-0.107129664
3272,0.727909946,0.018689091,FALSE,TRUE,1.76,1790,2,FALSE,FALSE,0,7,3,1,16,0.035698633
3273,0.299271931,-0.001025949,FALSE,TRUE,1.76667,97,2,FALSE,FALSE,1,8,3,1,16,8.1205E-05
3274,0.290863554,-0.000347874,FALSE,TRUE,1.76667,107,2,FALSE,FALSE,0,7,3,1,16,-0.009366527
3275,0.142788224,0.009910216,FALSE,TRUE,1.77778,140,2,FALSE,FALSE,0,7,4,1,16,-0.071183122
3276,-0.387654318,-0.006190087,FALSE,TRUE,1.33333,25,2,FALSE,FALSE,1,0,3,1,16,0.331723062
3277,0.17278008,-0.024961816,FALSE,TRUE,1.33333,1887,2,FALSE,FALSE,0,2,3,1,16,0.079002324
3278,0.727909946,0.006612185,FALSE,TRUE,1.76,892,2,FALSE,FALSE,0,7,3,1,16,-0.035013845
3279,0.142653859,-0.018943297,FALSE,TRUE,1.33333,93,2,FALSE,FALSE,0,3,3,1,16,0.144416773
3280,0.17278008,-0.045462511,FALSE,TRUE,1.33333,1610,2,FALSE,FALSE,0,2,3,1,16,0.159271399
3281,0.355748212,-0.03064825,FALSE,TRUE,1.33333,154,2,FALSE,FALSE,0,1,3,1,16,-0.114776577
3282,0.17278008,0.008714976,FALSE,TRUE,1.33333,1546,2,FALSE,FALSE,0,2,3,1,15,0.1796185
3283,0.03674124,-0.037667602,FALSE,TRUE,1.31667,107,2,FALSE,FALSE,0,7,3,1,15,0.094409809
3284,0.17278008,-0.013855847,FALSE,TRUE,1.33333,1482,2,FALSE,FALSE,0,2,3,1,15,0.053003471
3285,0.195552087,0.031949132,FALSE,TRUE,1.33333,1451,2,FALSE,FALSE,0,2,3,1,15,0.116614044
3286,0.195552087,-0.017097616,FALSE,TRUE,1.33333,1354,2,FALSE,FALSE,0,2,3,1,15,0.133842695
3287,0.195552087,-0.00394939,FALSE,TRUE,1.33333,1354,2,FALSE,FALSE,0,2,3,1,15,0.230102153
3288,0.195552087,0.020609023,FALSE,TRUE,1.33333,1450,2,FALSE,FALSE,0,2,3,1,15,0.2209651
3289,0.195552087,0.003969397,FALSE,TRUE,1.33333,1355,2,FALSE,FALSE,0,2,3,1,15,0.071654594
3290,0.195552087,0.028676601,FALSE,TRUE,1.33333,1354,2,FALSE,FALSE,0,2,3,1,15,0.138814378
3291,0.195552087,-0.006654981,FALSE,TRUE,1.33333,1356,2,FALSE,FALSE,0,2,3,1,15,0.146639574
3292,0.195552087,-0.013475281,FALSE,TRUE,1.33333,1354,2,FALSE,FALSE,0,2,3,1,15,0.110221678
3293,0.024378152,-0.018074851,FALSE,TRUE,1.33333,249,2,FALSE,FALSE,0,4,3,1,15,0.028056115
3294,0.727909946,0.029985247,FALSE,TRUE,1.76,1001,2,FALSE,FALSE,0,7,3,1,15,0.006292252
3295,0.18658317,0.013893538,FALSE,TRUE,1.77273,201,2,TRUE,FALSE,1,4,4,1,15,0.253785806
3296,0.096012366,-0.005421741,FALSE,TRUE,1.25,247,7,FALSE,FALSE,0,8,2,1,15,-0.022536915
3297,0.334313359,-0.002859898,FALSE,TRUE,1.77778,261,2,FALSE,FALSE,0,7,2,1,15,0.0378629
3298,-0.03713433,0.021111931,FALSE,TRUE,1.77778,63,2,FALSE,FALSE,0,3,4,1,15,-0.030107294
3299,0.399514901,-0.001505813,FALSE,TRUE,1.77778,65,2,FALSE,FALSE,0,6,4,1,15,0.161855296
3300,0.163317592,0.003697274,FALSE,TRUE,1.33333,237,2,FALSE,FALSE,0,3,4,1,15,0.028426973
3301,-0.102468947,0.027396962,FALSE,TRUE,1.77778,287,2,FALSE,FALSE,0,0,4,1,14,0.16810947
3302,-0.060208118,0.006480006,FALSE,TRUE,1.5,166,2,FALSE,FALSE,0,0,3,1,14,0.378857693
3303,0.000790778,-0.009935151,FALSE,TRUE,1.6,591,2,FALSE,FALSE,0,4,4,1,14,-0.105745865
3304,-0.129038339,0.001264997,FALSE,TRUE,1.25,37,4,FALSE,FALSE,0,0,2,1,14,0.312459405
3305,0.0544439,0.019171774,FALSE,TRUE,1.77778,31,2,FALSE,FALSE,0,4,4,1,14,-0.093467764
3306,-0.014962364,0.015404738,FALSE,TRUE,1.33333,24,2,FALSE,FALSE,0,9,2,1,14,-0.108631499
3307,0.656071881,0.002742147,FALSE,TRUE,1.77778,754,2,FALSE,FALSE,0,1,2,1,14,-0.321223414
3308,-0.384038522,0.001995997,FALSE,TRUE,1.77778,236,2,TRUE,FALSE,0,10,5,1,14,-0.280783697
3309,-0.129038339,-0.002461473,FALSE,TRUE,1.33333,86,4,FALSE,FALSE,0,0,3,1,14,-0.010021475
3310,0.045244648,0.018601189,FALSE,TRUE,1.77778,27,2,FALSE,FALSE,0,0,2,1,14,0.064514668
3311,-0.335577262,-0.002513689,FALSE,TRUE,1.33333,69,2,FALSE,FALSE,0,7,3,1,14,0.173531731
3312,-0.129038339,-0.010715498,FALSE,TRUE,1.77778,176,2,FALSE,FALSE,0,0,4,1,14,-0.06543393
3313,-0.129038339,0.017146999,FALSE,TRUE,1.77778,98,5,TRUE,TRUE,0,0,4,1,14,-0.02638018
3314,-0.129038339,-0.008198018,FALSE,TRUE,1.77778,117,5,TRUE,TRUE,0,0,4,1,14,0.144723524
3315,-0.129038339,-0.003424271,FALSE,TRUE,1.77778,79,2,FALSE,FALSE,0,4,4,1,14,0.060999261
3316,-0.129038339,-0.016285303,FALSE,TRUE,1.77778,270,2,TRUE,FALSE,0,0,4,1,14,-0.00587958
3317,-0.129038339,0.02710324,FALSE,TRUE,1.76471,1772,2,FALSE,FALSE,0,0,3,1,14,-0.210267211
3318,0.123884418,0.021426147,FALSE,TRUE,1.33333,701,2,FALSE,FALSE,0,0,2,1,14,-0.117942158
3319,0.158985328,0.029532522,FALSE,TRUE,1.76667,3272,2,FALSE,FALSE,0,0,3,1,14,0.196909957
3320,-0.129038339,0.027253226,FALSE,TRUE,1.76471,1714,2,FALSE,FALSE,0,0,3,1,13,0.348420913
3321,-0.129038339,0.013834354,FALSE,TRUE,1.76471,1790,2,FALSE,FALSE,0,0,3,1,13,0.134500525
3322,-0.129038339,0.021919368,FALSE,TRUE,1.76471,1771,2,FALSE,FALSE,0,0,3,1,13,-0.254150083
3323,-0.129038339,0.023142532,FALSE,TRUE,1.76471,1416,2,FALSE,FALSE,0,0,3,1,13,-0.032171484
3324,0.020447648,0.002079789,FALSE,TRUE,1.77778,80,2,FALSE,FALSE,0,4,2,1,13,0.280707614
3325,0.043379533,-0.010433048,FALSE,TRUE,1.77778,161,2,FALSE,FALSE,0,7,2,1,13,-0.019788529
3326,0.010481778,-0.015222889,FALSE,TRUE,1.77778,116,2,FALSE,FALSE,0,0,4,1,13,0.052290279
3327,0.040101711,-0.00128642,FALSE,TRUE,1.77778,407,2,TRUE,FALSE,0,10,4,1,13,0.159166223
3328,0.073600735,0.013157483,FALSE,TRUE,1.77778,509,2,TRUE,FALSE,0,10,4,1,13,0.031406711
3329,-0.129038339,-0.009172338,FALSE,TRUE,1.5,281,2,TRUE,FALSE,0,0,2,1,13,-0.445870464
3330,0.110933684,-0.022728585,FALSE,TRUE,1.77778,1358,2,TRUE,TRUE,0,2,4,1,13,-0.218712166
3331,0.019258062,-0.014915992,FALSE,TRUE,1.73077,215,2,FALSE,FALSE,0,9,3,1,13,0.066684573
3332,0.149476997,0.007153785,FALSE,TRUE,1.77778,306,2,TRUE,FALSE,0,10,4,1,13,-0.021781923
3333,-0.129038339,-0.01528431,FALSE,TRUE,1.77778,160,5,TRUE,TRUE,0,0,4,1,13,-0.041947062
3334,0.123884418,0.017948902,FALSE,TRUE,1.73913,164,2,FALSE,FALSE,0,0,2,1,13,-0.004832123
3335,0.284838858,0.021619373,FALSE,TRUE,1.77778,54,2,FALSE,FALSE,0,6,4,1,13,-0.110211114
3336,-0.118492466,0.016224755,FALSE,TRUE,1.33333,199,2,FALSE,FALSE,0,8,3,1,13,0.085670632
3337,-0.222098278,-0.002736385,FALSE,TRUE,1.33333,86,4,FALSE,FALSE,0,4,3,1,13,0.000444946
3338,0.04474617,0.013575237,FALSE,TRUE,1.77778,96,4,TRUE,FALSE,0,1,2,1,13,-0.303652118
3339,-0.028350893,0.006087364,FALSE,TRUE,1.77778,334,2,FALSE,FALSE,0,12,4,1,12,0.054249038
3340,0.016065646,0.014543784,FALSE,TRUE,1.76667,51,2,FALSE,FALSE,0,10,3,1,12,0.027561368
3341,0.20439065,-0.003273191,FALSE,TRUE,1.77778,59,2,FALSE,FALSE,0,1,4,1,12,-0.05473226
3342,0.048380542,0.000536211,FALSE,TRUE,1.76667,190,2,FALSE,FALSE,0,10,3,1,12,-0.007247793
3343,0.003619456,0.005841485,FALSE,TRUE,1.33333,98,1,FALSE,FALSE,0,8,3,1,12,0.130422993
3344,0.086663478,0.007429831,FALSE,TRUE,1.77778,158,2,TRUE,TRUE,0,10,2,1,12,-0.005247445
3345,-0.129038339,-0.007413365,FALSE,TRUE,1.5,706,2,FALSE,FALSE,0,0,3,1,12,0.153882141
3346,0.090498577,0.011295688,FALSE,TRUE,1.77778,163,2,TRUE,TRUE,0,10,2,1,12,-0.046506011
3347,-0.022013898,-0.00102044,FALSE,TRUE,1.77778,191,2,FALSE,FALSE,0,0,4,1,12,0.031986871
3348,-0.070365063,-0.01508886,FALSE,TRUE,1.33333,1813,5,TRUE,FALSE,1,4,3,1,12,0.037483663
3349,0.127709772,0.034917337,FALSE,TRUE,1.33333,799,4,FALSE,FALSE,0,10,3,1,12,-0.004625932
3350,-0.129038339,4.91831E-05,FALSE,TRUE,1.77778,513,4,TRUE,FALSE,0,8,3,1,12,0.002240437
3351,0.115914708,0.020637207,FALSE,TRUE,1.33333,2230,4,FALSE,FALSE,0,10,3,1,11,-0.119529348
3352,-0.1625233,0.004224713,FALSE,TRUE,1.33333,189,2,FALSE,FALSE,0,0,2,1,11,0.048636161
3353,0.093424411,-0.022304862,FALSE,TRUE,1.76667,41,2,FALSE,FALSE,0,3,4,1,11,0.181039353
3354,-0.129038339,0.011026504,FALSE,TRUE,1.77778,131,4,TRUE,FALSE,0,8,2,1,11,0.027999045
3355,0.02883642,0.016532333,FALSE,TRUE,1.46667,72,2,FALSE,FALSE,0,2,2,1,11,-0.249519176
3356,0.103435711,0.006113391,FALSE,TRUE,1.77778,572,2,FALSE,FALSE,0,4,4,1,11,0.144344343
3357,0.073919408,0.013651643,FALSE,TRUE,1.33333,1710,2,FALSE,FALSE,0,5,2,1,11,-0.059126486
3358,0.656071881,-0.004784098,FALSE,TRUE,1.77778,1289,2,FALSE,FALSE,0,1,2,1,11,0.008058472
3359,-0.199475273,-0.024423627,FALSE,TRUE,1.77778,2043,5,FALSE,FALSE,0,0,2,1,11,0.105600334
3360,0.063071071,0.015158703,FALSE,TRUE,1.33333,1795,5,TRUE,FALSE,0,8,3,1,11,0.166141857
3361,-0.129038339,0.013734756,FALSE,TRUE,1.77778,167,2,FALSE,FALSE,0,7,2,1,11,-0.046681234
3362,-0.561882901,0.014994087,FALSE,TRUE,1.33333,173,3,FALSE,FALSE,0,1,2,1,11,0.086645882
3363,-0.129038339,-0.011562947,FALSE,TRUE,1.33333,2302,2,TRUE,FALSE,0,0,2,1,11,0.376389017
3364,-0.129038339,0.004716802,FALSE,TRUE,1.33333,2301,2,TRUE,FALSE,0,0,2,1,11,0.192419589
3365,0.202982018,0.013097727,FALSE,TRUE,1.77778,56,2,FALSE,FALSE,0,11,4,1,11,-0.048419376
3366,-0.129038339,-0.009460395,FALSE,TRUE,1.77778,117,2,FALSE,FALSE,0,7,2,1,11,-0.072247403
3367,0.081219454,-0.032163383,FALSE,TRUE,2.28571,221,2,FALSE,FALSE,0,6,2,1,11,-0.138363158
3368,-0.056462563,0.004100316,FALSE,TRUE,1.76667,301,2,FALSE,FALSE,0,0,3,1,11,0.021263482
3369,-0.055345086,-0.004988901,FALSE,TRUE,1.76471,250,2,FALSE,FALSE,0,2,2,1,11,0.155101649
3370,0.070822555,0.011200049,FALSE,TRUE,1.77778,122,2,FALSE,FALSE,0,6,4,1,10,-0.12452481
3371,0.075882193,0.02978903,FALSE,TRUE,1.77778,504,8,FALSE,FALSE,0,8,2,1,10,0.060676988
3372,-0.044107873,0.013678587,FALSE,TRUE,1.76,20,2,FALSE,FALSE,0,2,3,1,10,0.065955837
3373,-0.01548131,0.018627069,FALSE,TRUE,1.76667,115,2,FALSE,FALSE,0,0,3,1,10,0.001085446
3374,-0.006665024,0.014360321,FALSE,TRUE,1.76667,184,2,FALSE,FALSE,0,0,3,1,10,0.060869169
3375,0.122048238,0.026899332,FALSE,TRUE,1.33333,435,2,FALSE,FALSE,0,10,2,1,10,0.009277317
3376,-0.021596155,-0.001659668,FALSE,TRUE,1.77778,158,2,FALSE,FALSE,0,5,4,1,10,0.040098514
3377,-0.111888506,0.013428168,FALSE,TRUE,1.76667,201,2,FALSE,FALSE,0,0,3,1,10,0.042364921
3378,-0.129038339,-0.00132654,FALSE,TRUE,1.33333,171,2,FALSE,FALSE,0,0,3,1,10,-0.044527701
3379,-0.129038339,0.010305756,FALSE,TRUE,1.77778,116,2,FALSE,FALSE,0,7,2,1,10,-0.130679527
3380,-0.106303946,0.011402892,FALSE,TRUE,1.76667,111,2,FALSE,FALSE,0,1,3,1,10,0.003529116
3381,0.063071071,0.016122254,FALSE,TRUE,1.33333,1896,5,TRUE,FALSE,0,8,3,1,10,0.200095133
3382,-0.082411521,0.025623866,FALSE,TRUE,1.76667,128,2,FALSE,FALSE,0,0,3,1,10,-0.063729186
3383,0.201081688,-0.012828843,FALSE,TRUE,1.33333,426,5,TRUE,FALSE,0,10,3,1,10,-0.049313285
3384,-0.203664157,0.02135472,FALSE,TRUE,1.77778,54,2,FALSE,FALSE,1,5,4,1,10,-0.081236341
3385,0.201081688,-0.004421198,FALSE,TRUE,1.33333,476,5,TRUE,FALSE,0,10,3,1,10,-0.118651919
3386,-0.186999464,-0.005254218,FALSE,TRUE,1.73913,1123,5,FALSE,FALSE,0,0,2,1,10,0.129732701
3387,-0.058469132,0.005063209,FALSE,TRUE,1.76667,278,2,FALSE,FALSE,0,0,3,1,10,-0.011556709
3388,0.120638179,-0.007463225,FALSE,TRUE,1.33333,2,2,FALSE,FALSE,0,3,2,1,10,-0.320074533
3389,0.117682944,0.021729662,FALSE,TRUE,1.33333,41,2,FALSE,FALSE,0,7,3,1,10,-0.160604422
3390,0.074246529,-0.021603979,FALSE,TRUE,1.6,108,2,FALSE,FALSE,0,3,4,1,10,-0.031495029
3391,0.201081688,0.010319319,FALSE,TRUE,1.33333,516,5,TRUE,FALSE,0,10,3,1,10,-0.080142426
3392,-0.129038339,0.009954286,FALSE,TRUE,1.77778,7,2,FALSE,FALSE,0,10,4,1,10,0.091705052
3393,0.201081688,0.01048775,FALSE,TRUE,1.33333,396,5,TRUE,FALSE,0,8,3,1,10,-0.012434048
3394,-0.129038339,0.016612165,FALSE,FALSE,1.33333,653,2,FALSE,FALSE,0,0,3,1,10,0.060417643
3395,-0.028946095,0.003982655,FALSE,TRUE,1.76667,219,2,FALSE,FALSE,0,0,3,1,10,-0.050635798
3396,-0.129038339,-0.003133024,FALSE,FALSE,1.33333,654,2,FALSE,FALSE,0,0,3,1,10,0.035708187
3397,-0.129038339,-0.004301354,FALSE,FALSE,1.33333,653,2,FALSE,FALSE,0,0,3,1,10,0.007489317
3398,-0.129038339,-0.031783246,FALSE,FALSE,1.33333,655,2,FALSE,FALSE,0,0,3,1,10,-0.013427231
3399,0.045414719,-0.003977764,FALSE,TRUE,1.77778,8,2,FALSE,FALSE,0,9,4,1,10,0.05840533
3400,-0.129038339,0.031934567,FALSE,TRUE,1.33333,2215,2,TRUE,FALSE,0,0,2,1,10,0.120628577
3401,-0.05234517,-0.017187455,FALSE,TRUE,1.76667,14,2,FALSE,FALSE,0,0,3,1,10,-0.022381067
3402,-0.117387418,-0.034112041,FALSE,FALSE,1.77778,37,2,TRUE,TRUE,0,10,4,1,10,-0.147244811
3403,-0.050550613,-0.017342526,FALSE,TRUE,1.77778,11,2,FALSE,FALSE,0,9,4,1,9,0.091352416
3404,-0.084989592,0.01227323,FALSE,TRUE,1.76667,325,2,FALSE,FALSE,0,0,3,1,9,-0.00540987
3405,-0.129038339,-0.008751106,FALSE,TRUE,1.25,20,4,FALSE,FALSE,0,0,2,1,9,-0.042231274
3406,0.079708134,0.013259465,FALSE,TRUE,1.77778,986,2,FALSE,FALSE,0,5,2,1,9,-0.157488651
3407,0.074794432,0.001384004,FALSE,TRUE,1.77778,210,2,TRUE,TRUE,0,10,5,1,9,0.039634419
3408,0.036830273,-0.005121171,FALSE,TRUE,1.77778,213,2,TRUE,TRUE,0,10,5,1,9,0.002071322
3409,-0.058204081,-0.010886831,FALSE,TRUE,1.77778,7,2,FALSE,FALSE,0,10,4,1,9,8.4654E-05
3410,-0.030605129,-0.000584396,FALSE,TRUE,1.76667,274,2,FALSE,FALSE,0,1,3,1,9,0.01435686
3411,0.297295296,-0.001655568,FALSE,FALSE,1.77778,48,2,TRUE,TRUE,0,10,4,1,9,0.035418766
3412,0.002566954,0.012098449,FALSE,FALSE,1.77778,36,2,TRUE,TRUE,0,10,4,1,9,-0.129089758
3413,-0.129038339,-0.007572492,FALSE,TRUE,1.77778,588,2,FALSE,FALSE,0,0,4,1,9,0.078141088
3414,-0.005544893,0.0045491,FALSE,TRUE,1.76667,181,2,FALSE,FALSE,0,1,3,1,9,-0.054075173
3415,0.121657868,0.001981377,FALSE,TRUE,1.77778,685,2,FALSE,FALSE,0,5,2,1,9,-0.100788786
3416,0.081574919,0.012151479,FALSE,TRUE,1.77778,536,2,FALSE,FALSE,0,5,2,1,9,0.001296529
3417,-0.129038339,0.012371865,FALSE,TRUE,1.77778,483,2,FALSE,FALSE,0,0,4,1,9,-0.012306689
3418,-0.098188974,0.017745031,FALSE,TRUE,1.77778,11,2,FALSE,FALSE,0,10,4,1,9,0.077998101
3419,-0.059915129,0.014743668,FALSE,TRUE,1.76667,105,2,FALSE,FALSE,0,1,3,1,9,-0.061630886
3420,-0.129038339,0.032241602,FALSE,TRUE,1.77778,492,2,FALSE,FALSE,0,0,4,1,9,0.041476638
3421,0.111441056,0.005184611,FALSE,TRUE,1.33333,300,2,FALSE,FALSE,0,3,3,1,9,-0.167123388
3422,-0.000158075,0.04340828,FALSE,TRUE,1.77778,295,2,FALSE,FALSE,0,10,2,1,9,0.056990134
3423,-0.000158075,0.043392609,FALSE,TRUE,1.77778,295,2,FALSE,FALSE,0,10,2,1,9,0.095160055
3424,-0.227063074,0.001797797,FALSE,TRUE,1.33333,2000,8,FALSE,FALSE,0,2,2,1,9,0.092070399
3425,-0.000158075,0.037706406,FALSE,TRUE,1.77778,92,2,FALSE,FALSE,0,10,2,1,9,-0.079684817
3426,-0.129038339,0.009374812,FALSE,TRUE,1.77778,567,2,FALSE,FALSE,0,0,4,1,9,0.021793027
3427,0.03631345,0.005431115,FALSE,TRUE,1.77778,291,2,FALSE,FALSE,0,3,4,1,9,0.059500009
3428,-0.129038339,0.012017847,FALSE,TRUE,1.77778,173,2,FALSE,FALSE,0,7,2,1,9,-0.028923219
3429,-0.129038339,0.004983982,FALSE,TRUE,1.77778,136,2,FALSE,FALSE,0,7,2,1,9,-0.174876762
3430,-0.129038339,0.004995758,FALSE,TRUE,1.77778,154,2,FALSE,FALSE,0,7,2,1,9,-0.042810541
3431,-0.129038339,-0.000399864,FALSE,TRUE,1.77778,315,2,FALSE,FALSE,0,0,4,1,9,0.124356118
3432,-0.129038339,0.014665018,FALSE,TRUE,1.77778,120,2,FALSE,FALSE,0,7,2,1,9,0.003837128
3433,0.152301464,-0.017185737,FALSE,TRUE,1.33333,166,2,FALSE,FALSE,0,3,2,1,8,0.078449064
3434,-0.0064859,0.005431335,FALSE,TRUE,1.77778,179,2,FALSE,FALSE,1,10,4,1,8,-0.268518614
3435,0.117682944,-0.01018795,FALSE,TRUE,1.78261,60,2,FALSE,FALSE,0,7,3,1,8,-0.160604422
3436,-0.359284969,0.023081139,FALSE,TRUE,1.33333,152,7,FALSE,FALSE,0,9,2,1,8,-0.092997461
3437,-0.051093024,0.007737968,FALSE,TRUE,1.33333,104,2,FALSE,FALSE,0,10,2,1,7,0.13352737
3438,-0.12406013,0.026922085,FALSE,TRUE,1.33333,162,7,FALSE,FALSE,0,9,2,1,7,-0.041071175
3439,-0.129038339,-0.000862494,FALSE,TRUE,1.77778,176,4,FALSE,FALSE,0,0,4,1,7,0.03723176
3440,-0.235731485,-0.00968087,FALSE,TRUE,1.76471,134,2,FALSE,FALSE,0,4,2,1,7,0.04986857
3441,0.015918723,-0.030683232,FALSE,TRUE,1.77778,328,2,FALSE,FALSE,0,6,4,1,7,-0.051846146
3442,-0.000312824,0.007226329,FALSE,TRUE,1.33333,104,2,FALSE,FALSE,0,10,2,1,7,0.017274572
3443,-0.021524029,0.014220976,FALSE,TRUE,1.77778,254,2,FALSE,FALSE,0,9,4,1,7,-0.045732465
3444,-0.313134963,0.026961648,FALSE,TRUE,1.33333,165,7,FALSE,FALSE,0,9,2,1,7,-0.12057648
3445,-0.129038339,0.024977046,FALSE,TRUE,1.33333,1261,2,FALSE,FALSE,1,0,3,1,7,0.115033414
3446,-0.129038339,0.020368721,FALSE,TRUE,1.33333,1805,2,FALSE,FALSE,0,0,3,1,7,-0.092769479
3447,-0.199604962,0.013304791,FALSE,TRUE,1.33333,156,7,FALSE,FALSE,0,9,2,1,7,-0.073239151
3448,-0.06459315,0.005767203,FALSE,TRUE,1.77778,320,2,FALSE,FALSE,0,5,4,1,7,0.002658515
3449,0.046212766,0.011914023,FALSE,TRUE,1.33333,80,2,FALSE,FALSE,0,10,3,1,7,-0.227021581
3450,-0.153265381,-0.013848985,FALSE,TRUE,1.33333,166,7,FALSE,FALSE,0,9,2,1,7,-0.126918622
3451,-0.129038339,-0.005313875,FALSE,TRUE,1.33333,1113,10,FALSE,FALSE,0,0,3,1,7,-0.147930107
3452,-0.264556631,0.023526856,FALSE,TRUE,1.33333,236,7,FALSE,FALSE,0,9,2,1,7,-0.033057049
3453,0.456169092,0.021356821,FALSE,TRUE,1.77778,54,2,FALSE,FALSE,0,6,4,1,7,-0.091411895
3454,-0.129038339,-0.025101593,FALSE,TRUE,1.25,46,4,FALSE,FALSE,0,0,2,1,7,0.015510933
3455,0.052761143,0.021962364,FALSE,TRUE,1.25,373,4,FALSE,FALSE,0,10,3,1,7,0.08873452
3456,-0.129038339,0.0187367,FALSE,TRUE,1.25,46,4,FALSE,FALSE,0,0,2,1,7,-0.235070888
3457,-0.129038339,-0.012764883,FALSE,TRUE,1.33333,779,10,FALSE,FALSE,0,0,3,1,7,-0.240348319
3458,0.196176021,-0.011899749,FALSE,TRUE,1.77778,7,2,FALSE,FALSE,0,4,4,1,7,-0.032814467
3459,-0.129038339,0.008483253,FALSE,TRUE,1.33333,738,10,FALSE,FALSE,0,0,3,1,7,-0.181893941
3460,0.013962706,0.020093624,FALSE,TRUE,1.25,293,4,FALSE,FALSE,0,10,3,1,7,0.066287895
3461,0.034919834,-0.039000335,FALSE,TRUE,1.33333,33,2,FALSE,FALSE,0,2,3,1,6,-0.055864555
3462,0.061597682,0.023974372,FALSE,TRUE,1.33333,33,2,FALSE,FALSE,0,2,3,1,6,-0.073112964
3463,-0.129038339,0.009469393,FALSE,TRUE,1.33333,807,10,FALSE,FALSE,0,0,3,1,6,0.08342478
3464,-0.034962596,0.001469954,FALSE,TRUE,1.33333,163,2,TRUE,FALSE,0,1,3,1,6,-0.171009961
3465,-0.129038339,0.024512846,FALSE,TRUE,1.33333,681,10,FALSE,FALSE,0,0,3,1,6,-0.176824562
3466,-0.129038339,0.011269949,FALSE,TRUE,1.33333,625,10,FALSE,FALSE,0,0,3,1,6,-0.02593936
3467,0.112634698,-0.003130836,FALSE,FALSE,1.77778,91,2,TRUE,TRUE,0,10,4,1,6,0.044820365
3468,0.088254145,-0.035405186,FALSE,FALSE,1.77778,71,2,TRUE,TRUE,0,10,4,1,6,-0.056693657
3469,0.058701925,-0.016843425,FALSE,FALSE,1.77778,34,2,TRUE,TRUE,0,10,4,1,6,-0.024353522
3470,-0.129038339,-0.002074232,FALSE,TRUE,1.33333,1812,2,FALSE,FALSE,2,0,3,1,6,0.24743993
3471,-0.129038339,-0.001750384,FALSE,TRUE,1.33333,1369,2,FALSE,FALSE,0,0,3,1,6,0.199474422
3472,0.104980478,0.015651251,FALSE,TRUE,1.33333,124,2,FALSE,FALSE,1,2,3,1,5,0.168978254
3473,0.031817823,-0.043904214,FALSE,TRUE,1.77778,30,2,FALSE,FALSE,0,7,2,1,5,-0.187004339
3474,0.055480553,-0.00298055,FALSE,TRUE,1.77778,366,2,TRUE,FALSE,0,0,4,1,5,-0.029909915
3475,-0.113695334,-0.029394574,FALSE,TRUE,1.77778,399,2,TRUE,FALSE,0,0,4,1,5,0.090305877
3476,0.06966656,-0.001572562,FALSE,TRUE,1.77778,596,2,TRUE,FALSE,0,0,2,1,5,-0.021489885
3477,-0.013651044,0.0152472,FALSE,TRUE,1.77778,285,2,TRUE,FALSE,0,0,4,1,5,-0.152656787
3478,-0.014030475,-0.019131797,FALSE,TRUE,1.77778,48,2,FALSE,FALSE,0,10,2,1,5,0.12333004
3479,0.074824666,0.024037696,FALSE,TRUE,1.77778,567,2,TRUE,FALSE,0,0,4,1,5,0.100016078
3480,0.112970788,-0.011206224,FALSE,TRUE,1.77778,964,2,FALSE,FALSE,0,10,4,1,5,-0.081214362
3481,0.02572614,0.014790925,FALSE,TRUE,1.77778,607,2,TRUE,FALSE,1,0,4,1,5,0.116005067
3482,-0.005993258,0.017290273,FALSE,TRUE,1.33333,148,2,FALSE,FALSE,0,6,3,1,5,0.084484962
3483,0.245347164,-0.010558009,FALSE,TRUE,1.77778,199,2,TRUE,FALSE,0,0,4,1,5,0.022196487
3484,-0.165980261,0.010280284,FALSE,TRUE,1.77778,64,2,TRUE,TRUE,0,2,5,1,5,-0.111183036
3485,0.167198589,0.008339242,FALSE,TRUE,1.33333,395,2,TRUE,FALSE,0,0,3,1,5,-0.033120636
3486,0.191753481,0.023929049,FALSE,TRUE,1.34783,148,2,TRUE,FALSE,0,0,3,1,5,0.117381752
3487,-0.17718904,0.026539549,FALSE,TRUE,1.33333,37,2,TRUE,FALSE,0,2,2,1,5,0.06984227
3488,-0.190543381,-4.08532E-06,FALSE,TRUE,1.33333,44,2,TRUE,FALSE,0,2,2,1,5,0.114652499
3489,0.017459521,-0.000104483,FALSE,TRUE,1.77778,145,2,FALSE,FALSE,0,7,5,1,5,-0.069956838
3490,-0.129038339,-0.014015644,FALSE,TRUE,1.77778,85,4,FALSE,FALSE,0,0,4,1,4,0.034467269
3491,-0.129038339,0.019972596,FALSE,TRUE,1.33333,18,2,FALSE,FALSE,0,7,2,1,4,0.058357212
3492,0.062656925,-0.039819647,FALSE,TRUE,1.77273,266,2,FALSE,FALSE,0,4,4,1,4,0.014904816
3493,0.146655994,0.012404867,FALSE,TRUE,1.77778,173,2,FALSE,FALSE,0,9,3,7,6,-0.002140777
3494,-0.129038339,-0.009458642,FALSE,TRUE,1.33333,591,2,FALSE,FALSE,0,0,2,7,6,-0.037656553
3495,-0.067523822,0.008168704,FALSE,TRUE,1.77778,42,4,FALSE,FALSE,0,9,5,7,6,-0.045895393
3496,0.093395209,0.023220963,FALSE,TRUE,1.77778,581,3,TRUE,TRUE,0,2,5,7,6,0.036212751
3497,0.159379201,0.009986472,FALSE,TRUE,1.77778,40,2,FALSE,FALSE,0,1,3,7,6,-0.004746677
3498,0.070757629,0.000370246,FALSE,TRUE,1.33333,815,2,FALSE,FALSE,0,8,2,7,6,-0.066354426
3499,0.250474474,0.020047887,FALSE,TRUE,1.33333,78,2,FALSE,FALSE,0,5,3,7,6,-0.017747621
3500,0.055562799,0.013084298,FALSE,TRUE,1.77778,792,3,TRUE,TRUE,0,2,5,7,6,-0.025412198
3501,-0.129038339,0.008148583,FALSE,TRUE,1.33333,183,2,FALSE,FALSE,0,0,2,7,6,0.040717304
3502,-0.342629812,-2.5201E-05,FALSE,TRUE,1.33333,33,2,FALSE,FALSE,0,10,3,7,6,0.013116607
3503,0.053558505,0.020202178,FALSE,TRUE,1.77778,862,3,TRUE,TRUE,0,2,5,7,6,0.039513416
3504,-0.129038339,0.017784692,FALSE,TRUE,1.77778,1459,2,FALSE,FALSE,0,0,3,7,6,-0.165518868
3505,-0.067713391,-0.006634454,FALSE,TRUE,1.77778,315,2,TRUE,FALSE,0,1,4,7,6,0.042158002
3506,-0.167827973,-0.002595005,FALSE,TRUE,1.77778,12,4,FALSE,FALSE,1,7,4,7,6,-0.167354448
3507,-0.104717039,0.015906511,FALSE,TRUE,1.77778,56,2,FALSE,FALSE,0,7,3,7,6,0.07783361
3508,-0.11636455,0.013982828,FALSE,TRUE,1.22222,451,4,FALSE,FALSE,1,10,2,7,6,0.043634457
3509,0.169120823,0.014863741,FALSE,TRUE,1.77778,193,2,FALSE,FALSE,0,3,4,7,6,0.122326569
3510,0.135747867,0.007576425,FALSE,TRUE,1.76471,1037,3,TRUE,TRUE,0,2,4,7,6,0.092256039
3511,-0.032265173,0.006788123,FALSE,TRUE,1.77778,152,2,TRUE,FALSE,0,1,5,7,6,0.202152622
3512,0.09791548,0.027257869,FALSE,TRUE,1.77778,870,3,TRUE,TRUE,0,2,5,7,5,0.030631087
3513,0.0234502,-0.016883868,FALSE,TRUE,1.77778,129,2,FALSE,FALSE,0,2,3,7,5,0.051556528
3514,0.108653225,0.027981469,FALSE,TRUE,1,45,2,FALSE,FALSE,0,8,4,7,5,-0.029536803
3515,-0.129038339,-0.008933132,FALSE,TRUE,1.77778,1592,2,FALSE,FALSE,0,0,3,7,5,-0.18039344
3516,-0.129038339,-0.008616531,FALSE,TRUE,1.77778,1740,2,FALSE,FALSE,0,0,3,7,5,0.005632019
3517,0.148407246,-0.02667172,FALSE,TRUE,1,45,2,FALSE,FALSE,0,6,4,7,5,-0.029536803
3518,0.051728606,0.02119281,FALSE,TRUE,1.77778,113,2,FALSE,FALSE,0,4,4,7,5,0.004489315
3519,0.301168933,-0.011387959,FALSE,FALSE,1.33333,62,2,TRUE,TRUE,1,11,3,7,5,0.018919448
3520,0.145133136,-0.013441166,FALSE,TRUE,1.77778,237,2,TRUE,TRUE,0,1,4,7,5,0.150225646
3521,0.122082572,0.0005703,FALSE,TRUE,1.34091,1035,2,FALSE,FALSE,0,3,2,7,5,-0.040648173
3522,-0.129038339,-0.02015999,FALSE,TRUE,1.77778,2686,2,FALSE,FALSE,0,0,3,7,5,0.068955693
3523,-0.129038339,0.028827634,FALSE,TRUE,2.28571,753,3,FALSE,FALSE,0,0,2,7,5,-0.055547841
3524,-0.129038339,0.015662114,FALSE,TRUE,1.77778,2259,2,FALSE,FALSE,0,0,3,7,4,-0.243220955
3525,0.428735805,0.006305778,FALSE,TRUE,1.76471,137,3,TRUE,TRUE,0,3,3,7,4,-0.03685076
3526,0.002754787,0.012323554,FALSE,TRUE,1.33333,294,3,FALSE,FALSE,0,10,3,7,4,-0.013802811
3527,0.002754787,0.003091081,FALSE,TRUE,1.33333,263,3,FALSE,FALSE,0,10,3,7,4,0.210148312
3528,0.002754787,-0.001778622,FALSE,TRUE,1.33333,294,3,FALSE,FALSE,0,10,3,7,4,-0.013802811
3529,-0.072104496,0.019946714,FALSE,TRUE,1.33333,100,2,FALSE,FALSE,0,6,3,7,4,-0.115788402
3530,-0.11133436,0.007988632,FALSE,TRUE,1.77778,154,2,FALSE,FALSE,2,5,3,7,4,-0.15649618
3531,0.118284708,0.003023583,FALSE,TRUE,2.28571,219,2,TRUE,FALSE,1,10,5,7,3,0.028240606
3532,-0.034385078,0.009168372,FALSE,TRUE,1.33333,1571,5,TRUE,TRUE,0,9,2,7,3,-0.021401376
3533,0.092045319,-0.010092591,FALSE,TRUE,1.77778,208,2,TRUE,FALSE,2,10,5,7,3,-0.043896884
3534,-0.129038339,-0.003990436,FALSE,TRUE,1.77778,39,4,FALSE,FALSE,0,0,4,7,3,-0.096748203
3535,0.127753778,-0.01371246,FALSE,TRUE,1.77778,102,2,FALSE,FALSE,3,5,3,7,3,-0.051181377
3536,0.372865488,0.015232919,FALSE,TRUE,1.77778,87,3,TRUE,TRUE,0,6,5,7,3,-0.093219941
3537,0.070925538,-0.043172505,FALSE,TRUE,1.79412,124,2,FALSE,FALSE,0,4,2,7,3,-0.002855131
3538,0.07720368,-0.021262282,FALSE,TRUE,1.74194,128,2,FALSE,FALSE,0,9,2,7,3,-0.029421098
3539,-0.129038339,-0.016266468,FALSE,TRUE,1.77778,1647,9,FALSE,FALSE,0,3,3,7,3,-0.196869104
3540,0.018640437,-0.006807535,FALSE,TRUE,1.77778,206,4,FALSE,FALSE,0,1,4,7,2,-0.103644374
3541,0.068000098,0.025221774,FALSE,TRUE,1.33333,123,2,FALSE,FALSE,0,6,2,7,2,0.0629436
3542,-0.092296395,0.00284654,FALSE,TRUE,1.33333,45,2,FALSE,FALSE,0,8,2,7,2,0.006611461
3543,0.065176822,0.03650799,FALSE,TRUE,1.33333,94,2,FALSE,FALSE,0,10,2,7,2,-0.133585227
3544,-0.129038339,-0.007271531,FALSE,TRUE,1.77778,1825,2,FALSE,FALSE,0,0,3,7,2,-0.118516695
3545,0.093525403,-0.015957848,FALSE,TRUE,1.77778,205,2,FALSE,FALSE,0,5,4,7,2,0.011454053
3546,-0.02811359,0.005783109,FALSE,TRUE,1.76667,78,3,TRUE,TRUE,0,3,4,7,2,-0.102991204
3547,0.278866409,-0.014915248,FALSE,TRUE,1.76667,96,3,TRUE,TRUE,0,3,4,7,2,0.083635314
3548,-0.089764468,0.015404546,FALSE,TRUE,1.77778,154,3,TRUE,TRUE,0,3,1,7,2,-0.008602844
3549,0.167908819,0.000502453,FALSE,TRUE,1.77778,86,3,TRUE,TRUE,0,3,4,7,1,0.108731098
3550,-0.396401933,0.013417925,FALSE,TRUE,1.77778,59,3,TRUE,TRUE,0,2,4,7,1,0.040228806
3551,0.010771411,0.005830993,FALSE,TRUE,1.77778,81,3,TRUE,TRUE,0,3,4,7,1,0.039860349
3552,-0.129038339,0.006647096,FALSE,TRUE,1.77778,1819,9,FALSE,FALSE,0,3,3,7,1,-0.096921621
3553,0.010771411,0.005830993,FALSE,TRUE,1.77778,81,3,TRUE,TRUE,0,3,4,7,1,0.039860349
3554,-0.307485494,0.012299557,FALSE,TRUE,1.77778,85,3,TRUE,TRUE,0,3,4,7,1,0.177938852
3555,0.304925589,0.010022543,FALSE,TRUE,1.77778,878,3,TRUE,TRUE,0,2,5,7,1,0.16403863
3556,0.153505241,-0.002490705,FALSE,TRUE,2.35294,138,3,TRUE,TRUE,0,4,5,7,1,0.022090185
3557,-0.129038339,0.003123636,FALSE,TRUE,1.77778,273,2,FALSE,FALSE,0,0,4,7,1,-0.030671727
3558,0.114185399,0.011232564,FALSE,TRUE,1.77778,83,2,FALSE,FALSE,0,8,3,7,1,-0.208248812
3559,0.046068161,-0.011588027,FALSE,TRUE,1.33333,139,2,FALSE,FALSE,0,8,3,7,1,0.031213339
3560,-0.129038339,-0.000196163,FALSE,TRUE,1.77778,346,2,FALSE,FALSE,1,0,4,7,1,-0.153288374
3561,-0.129038339,0.00729258,FALSE,TRUE,1.77778,2342,2,FALSE,FALSE,0,0,4,7,1,0.010795259
3562,-0.129038339,0.007295127,FALSE,TRUE,1.77778,2342,2,FALSE,FALSE,0,0,4,7,1,0.129339863
3563,-0.129038339,-0.004000935,FALSE,TRUE,1.77778,2339,2,FALSE,FALSE,0,0,4,7,1,0.352482481
3564,-0.129038339,-0.004440344,FALSE,TRUE,1.77778,2342,2,FALSE,FALSE,0,0,4,7,1,0.220992501
3565,-0.129038339,0.005580778,FALSE,TRUE,1.77778,2343,2,FALSE,FALSE,0,0,4,7,1,0.022829119
3566,-0.129038339,-0.025802994,FALSE,TRUE,1.77778,2341,2,FALSE,FALSE,0,0,4,7,1,0.286420318
3567,-0.129038339,-0.031472828,FALSE,TRUE,1.77778,2343,2,FALSE,FALSE,0,0,4,7,1,0.196647659
3568,-0.129038339,-0.010019903,FALSE,TRUE,1.77778,2343,2,FALSE,FALSE,0,0,4,7,1,0.145997655
3569,-0.129038339,0.030337418,FALSE,TRUE,1.77778,2343,2,FALSE,FALSE,0,0,4,7,1,0.169401503
3570,-0.129038339,-0.00371327,FALSE,TRUE,1.77778,2343,2,FALSE,FALSE,0,0,4,7,1,0.014600609
3571,0.046066321,-0.053702814,FALSE,TRUE,1.77778,318,3,TRUE,TRUE,0,2,5,7,1,0.07756336
3572,0.151062423,0.002976369,FALSE,TRUE,1.33333,56,2,FALSE,FALSE,0,0,3,7,1,0.152692032
3573,-0.109424032,0.005604699,FALSE,TRUE,1.33333,41,2,FALSE,FALSE,0,0,3,7,1,-0.061294981
3574,-0.110293531,-0.003782986,FALSE,TRUE,1.33333,36,2,FALSE,FALSE,0,0,3,7,1,-0.081214407
3575,-0.129038339,-0.009357997,FALSE,TRUE,1.77778,2343,2,FALSE,FALSE,0,0,4,7,1,0.032864417
3576,-0.129038339,-0.012797501,FALSE,TRUE,1.77778,2343,2,FALSE,FALSE,0,0,4,7,1,0.474748335
3577,-0.129038339,0.002442941,FALSE,TRUE,1.77778,2343,2,FALSE,FALSE,0,0,4,7,1,0.353893865
3578,-0.129038339,0.013186778,FALSE,TRUE,1.77778,2343,2,FALSE,FALSE,0,0,4,7,1,0.559433008
3579,0.479365195,0.000136176,FALSE,TRUE,1.77778,80,3,TRUE,TRUE,0,3,5,7,1,-0.055902094
3580,-0.129038339,0.007892352,FALSE,TRUE,1.77778,2343,2,FALSE,FALSE,0,0,4,7,1,0.368776897
3581,-0.129038339,0.002820982,FALSE,TRUE,1.77778,2342,2,FALSE,FALSE,0,0,4,7,1,0.237738577
3582,-0.129038339,0.00860534,FALSE,TRUE,1.77778,2342,2,FALSE,FALSE,0,0,4,7,1,0.511640391
3583,-0.129038339,-0.011011682,FALSE,TRUE,1.77778,2343,2,FALSE,FALSE,0,0,4,7,1,0.27364183
3584,-0.129038339,0.017434463,FALSE,TRUE,1.77778,2343,2,FALSE,FALSE,0,0,4,7,1,0.552743593
3585,-0.108058289,-0.024168976,FALSE,TRUE,1.33333,55,2,FALSE,FALSE,0,0,3,7,1,-0.257017163
3586,-0.129038339,0.008317009,FALSE,TRUE,1.77778,2342,2,FALSE,FALSE,0,0,4,7,1,0.267471585
3587,-0.129038339,-0.001830209,FALSE,TRUE,1.77778,2342,2,FALSE,FALSE,0,0,4,7,1,0.944536788
3588,-0.129038339,-0.015921994,FALSE,TRUE,1.77778,2341,2,FALSE,FALSE,0,0,4,7,1,0.104206396
3589,-0.129038339,0.002905416,FALSE,TRUE,1.77778,2340,2,FALSE,FALSE,0,0,4,7,1,-0.212522597
3590,-0.129038339,-0.007349468,FALSE,TRUE,1.77778,2342,2,FALSE,FALSE,0,0,4,7,1,0.056839504
3591,-0.129038339,-0.012719678,FALSE,TRUE,1.77778,2343,2,FALSE,FALSE,0,0,4,7,1,-0.054137663
3592,-0.129038339,-0.014075528,FALSE,TRUE,1.77778,2342,2,FALSE,FALSE,0,0,4,7,1,0.438131097
3593,-0.129038339,-0.016537006,FALSE,TRUE,1.77778,2342,2,FALSE,FALSE,0,0,4,7,1,0.176700421
3594,-0.111439085,-0.015725435,FALSE,TRUE,1.33333,34,2,FALSE,FALSE,0,0,3,7,1,0.07430721
3595,-0.105797963,-0.002765396,FALSE,TRUE,1.33333,66,2,FALSE,FALSE,0,0,3,7,1,0.01553553
3596,-0.102943771,0.005452283,FALSE,TRUE,1.77778,422,3,TRUE,TRUE,0,2,4,7,0,-0.017674723
3597,0.140193451,-0.002952926,FALSE,TRUE,1.33333,36,2,FALSE,FALSE,0,0,3,7,0,-0.054639819
3598,-0.129038339,-0.02555242,FALSE,TRUE,1.33333,85,2,FALSE,FALSE,0,0,2,7,0,0.12717461
3599,-0.062323447,-0.006137549,FALSE,TRUE,1.33333,36,2,FALSE,FALSE,0,0,3,7,0,0.188283021
3600,-0.081970272,0.015833245,FALSE,TRUE,1.81818,184,3,TRUE,TRUE,0,2,3,7,0,-0.029117737
3601,-0.108815188,0.031491072,FALSE,TRUE,1.33333,41,2,FALSE,FALSE,0,0,3,7,0,0.004874014
3602,-0.129038339,0.006728073,FALSE,TRUE,1.77778,215,2,FALSE,FALSE,0,2,4,7,0,0.209967224
3603,-0.126764155,-0.008603908,FALSE,TRUE,1.33333,66,2,FALSE,FALSE,0,0,3,7,0,-0.176881547
3604,0.215516616,0.01583338,FALSE,TRUE,2.35294,191,3,TRUE,TRUE,0,4,5,7,0,0.059214889
3605,0.058867716,-0.006971429,FALSE,TRUE,1.35714,75,2,FALSE,FALSE,0,7,2,7,0,-0.061309347
3606,0.107236514,-0.033972947,FALSE,TRUE,1.77778,72,2,FALSE,FALSE,0,10,4,7,0,0.023142361
3607,-0.021614281,-0.011893695,FALSE,TRUE,1.33333,13,2,FALSE,FALSE,0,2,4,7,0,0.035314149
3608,-0.129038339,0.020814092,FALSE,TRUE,1.77778,174,2,FALSE,FALSE,0,0,4,6,23,-0.433759577
3609,0.179775828,0.025016389,FALSE,TRUE,1.33333,268,2,FALSE,FALSE,0,5,3,6,23,0.016188951
3610,-0.264725331,0.018135759,FALSE,TRUE,1.77778,65,3,TRUE,TRUE,0,3,4,6,23,0.015156495
3611,0.051970954,-0.04311533,FALSE,TRUE,1.33333,101,2,TRUE,FALSE,0,8,2,6,23,-0.246437132
3612,-0.002274796,0.026551541,FALSE,TRUE,1.33333,318,2,FALSE,FALSE,0,6,2,6,23,-0.022461521
3613,0.128913139,0.017171205,FALSE,TRUE,1.33333,348,2,FALSE,FALSE,0,5,2,6,23,0.341040161
3614,0.06678625,-0.040271331,FALSE,TRUE,1.33333,893,2,TRUE,FALSE,0,10,2,6,23,-0.028945589
3615,-0.129038339,0.001806868,FALSE,TRUE,1.77778,337,2,FALSE,FALSE,1,0,4,6,23,-0.079393469
3616,0.036172511,-0.034047435,FALSE,TRUE,1.33333,195,2,TRUE,FALSE,0,10,2,6,23,-0.069537821
3617,-0.129038339,0.01440206,FALSE,TRUE,1.33333,1195,4,FALSE,FALSE,1,4,3,6,23,0.087692256
3618,0.118695182,0.010268514,FALSE,TRUE,1.33333,113,2,TRUE,FALSE,0,8,2,6,23,0.037274806
3619,0.00884519,-0.003999633,FALSE,TRUE,1.77778,76,2,FALSE,FALSE,0,7,4,6,23,-0.009432954
3620,0.046824478,-0.008985466,FALSE,TRUE,1.33333,140,2,TRUE,FALSE,0,9,2,6,23,0.031531035
3621,0.057988156,-0.026289783,FALSE,TRUE,1.33333,31,2,TRUE,FALSE,0,7,2,6,23,0.077978271
3622,-0.129038339,0.015803283,FALSE,TRUE,1.6,1152,2,FALSE,FALSE,0,0,3,6,23,0.185868749
3623,0.061396899,-0.018313241,FALSE,TRUE,1.52381,30,2,FALSE,FALSE,0,10,4,6,23,-0.058844263
3624,0.073407,0.004420446,FALSE,TRUE,1.33333,50,2,TRUE,FALSE,0,8,2,6,23,-0.064608032
3625,-0.129038339,-0.00565054,FALSE,TRUE,1.25,1271,2,FALSE,FALSE,0,0,3,6,23,0.464261743
3626,0.308904477,0.025201329,FALSE,TRUE,1.33333,146,2,FALSE,FALSE,0,7,3,6,22,-0.074045707
3627,-0.129038339,0.014314205,FALSE,TRUE,1.6,1229,2,FALSE,FALSE,0,0,3,6,22,0.514935698
3628,0.319615926,0.011610881,FALSE,TRUE,1.77778,449,3,TRUE,TRUE,0,2,5,6,22,0.142693756
3629,0.018126836,0.002873238,FALSE,TRUE,1.77778,51,2,FALSE,FALSE,0,1,4,6,22,-0.205482016
3630,0.224350042,0.019008592,FALSE,TRUE,1.76471,202,3,TRUE,TRUE,0,6,4,6,22,0.084743916
3631,0.006008932,-0.018222362,FALSE,TRUE,1.52381,34,2,FALSE,FALSE,0,10,4,6,22,0.059613853
3632,0.044417244,-0.008666967,FALSE,TRUE,1.33333,442,2,FALSE,FALSE,0,1,3,6,22,0.038497515
3633,0.340743147,0.007612971,FALSE,TRUE,1.77778,447,3,TRUE,TRUE,0,2,5,6,22,0.221452873
3634,0.420784997,-0.003921729,FALSE,TRUE,1.76471,154,3,TRUE,TRUE,0,3,1,6,22,-0.043522568
3635,0.364244027,-0.012477624,FALSE,TRUE,2.28571,587,2,TRUE,FALSE,0,3,4,6,22,0.105275372
3636,0.247631761,0.01709196,FALSE,TRUE,1.77778,208,2,FALSE,FALSE,0,1,3,6,22,-0.023089008
3637,-0.129038339,0.004313399,FALSE,TRUE,1.77778,1246,2,FALSE,FALSE,0,0,3,6,22,0.019913042
3638,-0.129038339,-0.00941188,FALSE,TRUE,1.77778,1268,2,FALSE,FALSE,0,0,3,6,22,0.169706773
3639,-0.129038339,-0.003586668,FALSE,TRUE,1.77778,1230,2,FALSE,FALSE,0,0,3,6,22,0.036167267
3640,-0.129038339,0.022913072,FALSE,TRUE,1.77778,1228,2,FALSE,FALSE,0,0,3,6,22,0.147372113
3641,0.269142684,-0.002887119,FALSE,TRUE,1.77778,472,3,TRUE,TRUE,0,2,5,6,22,0.106616701
3642,-0.085363599,-0.036912764,FALSE,TRUE,1.77778,265,2,FALSE,FALSE,0,1,3,6,22,0.047192805
3643,-0.129038339,-0.016714489,FALSE,TRUE,1.77778,1146,2,FALSE,FALSE,0,0,3,6,22,-0.292241192
3644,-0.129038339,0.01871735,FALSE,TRUE,1.77778,1156,2,FALSE,FALSE,0,0,3,6,22,-0.290463736
3645,-0.129038339,0.00736485,FALSE,TRUE,1.77778,1151,2,FALSE,FALSE,0,0,3,6,22,-0.205320576
3646,0.077227723,0.015361076,FALSE,TRUE,1.77778,123,3,TRUE,TRUE,0,2,5,6,22,0.06949684
3647,-0.164516738,-0.011869642,FALSE,TRUE,1.33333,199,2,FALSE,FALSE,0,10,3,6,22,-0.145776125
3648,-0.163159808,0.036357952,FALSE,TRUE,1.77778,248,2,FALSE,FALSE,0,10,4,6,22,-0.095320381
3649,-0.129038339,-0.016190892,FALSE,TRUE,1.33333,85,2,FALSE,FALSE,0,0,3,6,22,-0.012543888
3650,-0.129038339,0.023946463,FALSE,TRUE,1.33333,67,2,FALSE,FALSE,0,0,3,6,22,0.113702508
3651,0.09804725,-0.024861254,FALSE,TRUE,1.33333,134,2,FALSE,FALSE,0,10,3,6,22,-0.070761694
3652,0.136631086,0.00416747,FALSE,TRUE,1.81818,86,3,TRUE,TRUE,0,3,3,6,22,0.032669484
3653,-0.129038339,0.018047709,FALSE,TRUE,1.22222,761,2,FALSE,FALSE,0,0,2,6,22,0.119970111
3654,-0.080782498,-0.015674038,FALSE,TRUE,1.77778,51,2,FALSE,FALSE,0,9,3,6,22,-0.138102163
3655,-0.164516738,-0.01495581,FALSE,TRUE,1.33333,540,2,FALSE,FALSE,0,10,3,6,22,-0.147713795
3656,-0.164516738,-0.002660326,FALSE,TRUE,1.33333,631,2,FALSE,FALSE,1,10,3,6,22,-0.162494803
3657,0.029072823,0.002292201,FALSE,TRUE,1.77778,93,3,TRUE,TRUE,0,3,4,6,21,0.047275449
3658,-0.129038339,0.020006075,FALSE,TRUE,1.22222,743,2,FALSE,FALSE,0,0,2,6,21,0.111268957
3659,-0.334124515,0.001821221,FALSE,TRUE,2.28571,226,2,FALSE,FALSE,0,1,5,6,21,0.258799782
3660,0.289425352,-0.010315075,FALSE,TRUE,1.77778,101,3,TRUE,TRUE,0,3,4,6,21,-0.047834369
3661,-0.164516738,0.020432872,FALSE,TRUE,1.33333,631,2,FALSE,FALSE,0,10,3,6,21,-0.18081738
3662,-0.164516738,0.003735435,FALSE,TRUE,1.33333,601,2,FALSE,FALSE,0,10,3,6,21,-0.139803988
3663,0.040572005,-0.008181751,FALSE,TRUE,1.77778,360,2,FALSE,FALSE,0,0,3,6,21,0.128400926
3664,-0.135095173,0.007310248,FALSE,TRUE,1.76471,1039,3,TRUE,TRUE,0,2,4,6,21,0.067100325
3665,-0.164516738,-0.002408464,FALSE,TRUE,1.33333,601,2,FALSE,FALSE,1,10,3,6,21,-0.123166702
3666,0.088720468,-0.012318837,FALSE,TRUE,1.77778,79,2,FALSE,FALSE,0,5,4,6,21,-0.132280949
3667,-0.148936491,0.016399985,FALSE,TRUE,1.33333,601,2,FALSE,FALSE,1,10,3,6,21,-0.201276216
3668,-0.164516738,0.00679362,FALSE,TRUE,1.33333,590,2,FALSE,FALSE,2,10,3,6,21,-0.192685111
3669,-0.129038339,-0.010249323,FALSE,TRUE,1.22222,709,2,FALSE,FALSE,0,0,2,6,21,0.10443487
3670,0.157812045,0.01033368,FALSE,TRUE,1.77778,35,3,TRUE,TRUE,0,3,4,6,21,0.012278804
3671,0.025163783,0.018643973,FALSE,TRUE,1.77778,41,3,TRUE,TRUE,0,3,4,6,21,-0.060884201
3672,0.257377601,0.020903468,FALSE,TRUE,1.77778,803,3,TRUE,TRUE,0,2,5,6,21,0.187259582
3673,0.050255913,-0.008575209,FALSE,TRUE,1.77778,67,2,FALSE,FALSE,0,8,4,6,21,-0.188908298
3674,0.024871657,0.002664615,FALSE,TRUE,1.77778,2337,2,FALSE,FALSE,0,9,4,6,21,-0.064974591
3675,-0.00885926,-0.000709638,FALSE,TRUE,2.28571,57,2,FALSE,FALSE,0,10,3,6,21,0.041102097
3676,0.059187333,0.004068633,FALSE,TRUE,1.77778,48,2,FALSE,FALSE,0,8,4,6,21,-0.083737686
3677,-0.129038339,-0.010766568,FALSE,TRUE,1.22222,739,2,FALSE,FALSE,0,0,2,6,21,0.099352672
3678,-0.180937101,0.004541458,FALSE,TRUE,1.77778,21,2,FALSE,FALSE,0,5,4,6,21,0.186267555
3679,-0.129038339,-0.043289904,FALSE,TRUE,1.22222,730,2,FALSE,FALSE,0,0,2,6,21,0.090674472
3680,-0.129038339,-0.004852803,FALSE,TRUE,1.22222,625,2,FALSE,FALSE,0,0,2,6,21,0.14538908
3681,0.068048009,0.021213237,FALSE,TRUE,1.77778,89,3,TRUE,TRUE,0,5,5,6,21,0.080099862
3682,-0.129038339,-0.007685009,FALSE,TRUE,1.22222,681,2,FALSE,FALSE,0,0,2,6,21,-0.054320393
3683,-0.129038339,-0.009021471,FALSE,TRUE,1.22222,686,2,FALSE,FALSE,0,0,2,6,21,0.263940465
3684,0.380111265,-0.011848648,FALSE,TRUE,1.33333,97,2,FALSE,FALSE,0,10,3,6,20,0.016302849
3685,-0.129038339,0.007447159,FALSE,TRUE,1.22222,680,2,FALSE,FALSE,0,0,2,6,20,0.140188207
3686,-0.129038339,0.000121008,FALSE,TRUE,1.22222,654,2,FALSE,FALSE,0,0,2,6,20,0.252291184
3687,0.207162318,0.022715849,FALSE,TRUE,1.77778,241,3,TRUE,TRUE,0,2,5,6,20,0.136924872
3688,0.097052858,-0.001592256,FALSE,TRUE,1.77778,91,3,TRUE,TRUE,0,3,4,6,20,0.034652683
3689,0.002181994,0.015100483,FALSE,TRUE,1.77778,503,2,TRUE,FALSE,0,10,4,6,20,0.004589432
3690,0.065035403,-0.004846323,FALSE,TRUE,1.33333,53,2,FALSE,FALSE,0,10,2,6,20,0.013974607
3691,-0.129038339,0.006614135,FALSE,TRUE,1.22222,703,2,FALSE,FALSE,0,0,2,6,20,0.183169866
3692,0.150726246,-0.02741405,FALSE,TRUE,1.77778,206,2,FALSE,FALSE,0,0,4,6,20,-0.146076104
3693,-0.129038339,0.01004445,FALSE,TRUE,1.22222,701,2,FALSE,FALSE,0,0,2,6,20,0.252432674
3694,-0.129038339,0.002215201,FALSE,TRUE,1.22222,699,2,FALSE,FALSE,0,0,2,6,20,0.143846477
3695,-0.129038339,-0.029094552,FALSE,TRUE,1.22222,642,2,FALSE,FALSE,0,0,2,6,20,0.15383679
3696,-0.129038339,-0.017980419,FALSE,TRUE,1.22222,691,2,FALSE,FALSE,0,0,2,6,20,0.093116975
3697,-0.121554828,-0.015786135,FALSE,TRUE,1.77778,26,2,TRUE,FALSE,0,1,5,6,20,0.095335175
3698,-0.129038339,-0.027241747,FALSE,TRUE,1.22222,687,2,FALSE,FALSE,0,0,2,6,20,0.272625577
3699,0.209123697,-0.026308395,FALSE,TRUE,1.33333,97,2,FALSE,FALSE,0,9,3,6,20,-0.061470199
3700,0.266284661,-0.008018009,FALSE,TRUE,1.77778,248,3,TRUE,TRUE,0,2,5,6,20,-0.086391138
3701,0.227929434,-0.02067829,FALSE,TRUE,1.33333,97,2,FALSE,FALSE,0,8,3,6,20,-0.14695368
3702,0.112507449,-0.008146219,FALSE,TRUE,1.33333,25,2,FALSE,FALSE,0,6,3,6,20,-0.147858465
3703,0.448672846,0.002806579,FALSE,TRUE,1.22222,688,2,FALSE,FALSE,0,1,2,6,20,0.14857196
3704,0.224694229,-0.014572873,FALSE,TRUE,1.33333,97,2,FALSE,FALSE,0,8,3,6,20,-0.092565658
3705,0.13537738,0.010896257,FALSE,TRUE,1.30769,85,3,TRUE,TRUE,0,3,3,6,20,0.192461889
3706,0.227562885,0.012689875,FALSE,TRUE,1.77778,116,3,TRUE,TRUE,0,3,4,6,20,-0.208657309
3707,-0.137099463,0.02901013,FALSE,TRUE,1.76471,1085,3,TRUE,TRUE,0,2,4,6,20,0.132025941
3708,-0.120222242,-0.003486159,FALSE,TRUE,1.33333,254,7,FALSE,FALSE,0,8,2,6,20,-0.027295047
3709,0.125249549,0.029140267,FALSE,TRUE,1.77778,2455,2,FALSE,FALSE,1,10,3,6,20,-0.107736906
3710,-0.604701855,0.002669573,FALSE,TRUE,2.28571,1459,2,TRUE,FALSE,0,1,3,6,20,-0.312676556
3711,0.060408849,0.011723248,FALSE,FALSE,1.33333,29,2,TRUE,TRUE,0,13,3,6,20,-0.049304977
3712,-0.604701855,-0.003419096,FALSE,TRUE,2.28571,1464,2,TRUE,FALSE,0,1,3,6,20,-0.239256803
3713,-0.604701855,0.005067282,FALSE,TRUE,2.28571,1464,2,TRUE,FALSE,0,1,3,6,20,0.034442462
3714,0.128066316,0.018026917,FALSE,TRUE,1.77778,348,2,FALSE,FALSE,0,27,3,6,20,0.133926304
3715,-0.118443509,0.010229885,FALSE,TRUE,1.77778,68,3,TRUE,TRUE,0,3,4,6,20,0.085144231
3716,0.007188574,0.007865131,FALSE,TRUE,1.77778,163,2,FALSE,FALSE,0,4,3,6,20,0.016975395
3717,0.123250627,-0.011604504,FALSE,TRUE,1.77778,41,2,FALSE,FALSE,0,5,3,6,20,-0.017738812
3718,-0.129038339,0.004714259,FALSE,TRUE,1.77778,122,2,FALSE,FALSE,0,0,4,6,19,0.204003344
3719,-0.604701855,-0.028285664,FALSE,TRUE,2.28571,1464,2,TRUE,FALSE,0,1,3,6,19,-0.307312565
3720,0.114457881,-0.012224188,FALSE,TRUE,1.77778,150,3,TRUE,TRUE,0,2,5,6,19,-0.050099979
3721,0.253823442,-0.008948679,FALSE,TRUE,1.33333,97,2,FALSE,FALSE,0,7,3,6,19,-0.254479951
3722,0.139481159,0.014614814,FALSE,TRUE,1.77778,717,3,TRUE,TRUE,0,2,5,6,19,0.040835591
3723,-0.604701855,0.000460252,FALSE,TRUE,2.28571,1463,2,TRUE,FALSE,0,1,3,6,19,-0.03418668
3724,0.094141612,-0.013912577,FALSE,TRUE,1.33333,97,2,FALSE,FALSE,0,9,3,6,19,-0.149728729
3725,0.049181491,0.016941374,FALSE,TRUE,1.76471,159,3,TRUE,TRUE,0,3,3,6,19,0.080475496
3726,0.106099621,0.020516612,FALSE,TRUE,1.76471,862,3,TRUE,TRUE,0,2,4,6,19,-0.013539366
3727,-0.129038339,0.00246747,FALSE,TRUE,1.77778,30,2,FALSE,FALSE,0,0,4,6,19,-0.056665079
3728,-0.148654018,0.035788668,FALSE,TRUE,2.28571,2439,2,TRUE,FALSE,0,1,3,6,19,0.304211766
3729,0.18764361,-0.02613833,FALSE,TRUE,1.77778,31,2,FALSE,FALSE,0,6,3,6,19,-0.087452159
3730,0.301228816,-0.001035848,FALSE,TRUE,1.33333,15,2,FALSE,FALSE,0,8,2,6,19,0.202986827
3731,0.142391471,0.014873501,FALSE,TRUE,1.78571,213,2,FALSE,FALSE,0,6,2,6,19,0.135776568
3732,0.326716346,-0.009342365,FALSE,TRUE,1.33333,164,2,FALSE,FALSE,0,7,2,6,19,0.224577584
3733,0.150215376,-0.003236743,FALSE,TRUE,1.77778,485,3,TRUE,TRUE,0,2,5,6,19,0.176707765
3734,0.179676219,-0.021700769,FALSE,TRUE,1.72414,278,2,FALSE,FALSE,0,4,2,6,19,-0.034714713
3735,0.251013985,0.005915565,FALSE,TRUE,1.22222,194,2,FALSE,FALSE,0,6,2,6,19,0.232308112
3736,0.314690692,-0.002391201,FALSE,TRUE,1.33333,351,2,FALSE,FALSE,0,9,2,6,19,-0.088094739
3737,0.188543006,0.010739455,FALSE,TRUE,1.72414,301,2,FALSE,FALSE,0,5,2,6,19,-0.273496596
3738,0.035945921,0.005130208,FALSE,TRUE,1.33333,66,2,FALSE,FALSE,0,4,2,6,19,-0.100030777
3739,0.230225396,-0.037444321,FALSE,TRUE,1.72414,57,2,FALSE,FALSE,0,4,2,6,19,-0.1763797
3740,0.283868295,-0.001818569,FALSE,TRUE,1.72414,381,2,FALSE,FALSE,0,8,2,6,19,0.456089008
3741,-0.129038339,0.012606308,FALSE,TRUE,1.77778,137,2,FALSE,FALSE,1,0,3,6,19,-0.232199738
3742,0.225331745,0.004184476,FALSE,TRUE,1.72414,93,2,FALSE,FALSE,0,5,2,6,19,0.123753907
3743,0.188765955,-0.010619396,FALSE,TRUE,1.72414,508,2,FALSE,FALSE,0,9,2,6,19,-0.160354451
3744,0.177220199,0.005825961,FALSE,TRUE,1.72414,204,2,FALSE,FALSE,0,5,2,6,19,0.01787945
3745,-0.129038339,0.011381984,FALSE,TRUE,1.33333,743,2,FALSE,FALSE,0,10,3,6,19,-0.144319873
3746,0.223043916,-0.033822939,FALSE,TRUE,1.72414,63,2,FALSE,FALSE,0,4,2,6,19,0.355312485
3747,0.327606119,-0.003581678,FALSE,TRUE,1.33333,171,2,FALSE,FALSE,0,5,2,6,19,0.14807937
3748,0.305764306,0.023687805,FALSE,TRUE,1.72414,221,2,FALSE,FALSE,2,4,2,6,19,-0.02240987
3749,0.400294456,-0.018123525,FALSE,TRUE,1.72414,82,2,FALSE,FALSE,0,5,2,6,19,0.07480079
3750,0.014995359,0.006191547,FALSE,TRUE,1.77778,210,2,FALSE,FALSE,0,10,3,6,19,0.142527009
3751,0.346920504,-0.004119607,FALSE,TRUE,1.72414,54,2,FALSE,FALSE,0,7,2,6,19,0.096178574
3752,0.408423534,0.018113853,FALSE,TRUE,1.33333,271,2,FALSE,FALSE,0,6,2,6,19,0.133861771
3753,0.080152992,-0.003567931,FALSE,TRUE,1.77778,1162,3,TRUE,TRUE,0,3,4,6,19,-0.002763465
3754,0.317961276,-0.009911576,FALSE,TRUE,1.72414,290,2,FALSE,FALSE,0,6,2,6,19,0.460254706
3755,0.316199057,-0.013515013,FALSE,TRUE,1.72414,47,2,FALSE,FALSE,0,6,2,6,19,0.105535587
3756,0.293560119,-0.011058443,FALSE,TRUE,1.72414,71,2,FALSE,FALSE,0,4,2,6,19,0.008364009
3757,0.222195389,-0.03132913,FALSE,TRUE,1.72414,232,2,FALSE,FALSE,0,4,2,6,19,0.069313558
3758,0.37402058,-0.017834078,FALSE,TRUE,1.72414,301,2,FALSE,FALSE,0,4,2,6,19,-0.106563201
3759,0.313493066,-0.030417208,FALSE,TRUE,1.72414,75,2,FALSE,FALSE,0,4,2,6,19,-0.007508678
3760,0.387719606,0.004599798,FALSE,TRUE,1.48148,286,2,FALSE,FALSE,0,5,2,6,19,0.012491362
3761,0.001399521,0.021487384,FALSE,TRUE,1.77778,603,2,FALSE,FALSE,0,8,4,6,19,-0.125829492
3762,-0.236568855,0.012211007,FALSE,TRUE,1.77778,61,3,TRUE,TRUE,0,4,4,6,19,0.073075272
3763,0.217950022,-0.01307976,FALSE,TRUE,1.77778,237,2,TRUE,TRUE,0,10,4,6,19,0.08298637
3764,0.121499603,0.019832267,FALSE,TRUE,1.77778,161,2,TRUE,FALSE,0,13,3,6,19,-0.123628312
3765,0.024460388,0.029921394,FALSE,TRUE,1.77778,148,2,TRUE,FALSE,0,11,3,6,19,-0.133316601
3766,0.035731025,0.039044564,FALSE,TRUE,1.76471,79,2,TRUE,TRUE,0,4,2,6,19,0.098781255
3767,-0.129038339,0.016417209,FALSE,TRUE,1.33333,901,2,FALSE,FALSE,1,10,3,6,19,-0.173343116
3768,0.050469392,0.023034304,FALSE,TRUE,1.76471,219,2,TRUE,TRUE,0,4,2,6,19,0.100839416
3769,0.08192507,0.010831118,FALSE,TRUE,1.76471,77,2,TRUE,TRUE,0,4,2,6,19,-0.086364911
3770,0.238626408,-0.006963379,FALSE,TRUE,1.76471,42,2,TRUE,TRUE,0,4,2,6,19,0.102105666
3771,0.1421181,-0.030090314,FALSE,TRUE,1.76471,182,2,TRUE,TRUE,0,5,2,6,19,0.029140067
3772,0.004841548,0.005285388,FALSE,TRUE,1.76471,213,2,TRUE,TRUE,0,4,2,6,19,-0.107890757
3773,0.246487259,0.006983774,FALSE,TRUE,1.76471,39,2,TRUE,TRUE,1,4,2,6,19,-0.125975709
3774,0.104331139,-0.004617558,FALSE,TRUE,1.77778,1065,3,TRUE,TRUE,0,2,5,6,19,0.043747944
3775,-0.129038339,0.007664502,FALSE,TRUE,2.28571,751,3,FALSE,FALSE,0,0,2,6,19,-0.39895081
3776,-0.007952599,-0.030778105,FALSE,TRUE,1.77778,172,2,FALSE,FALSE,1,7,4,6,19,-0.065354606
3777,0.167061301,0.0259422,FALSE,TRUE,1.48148,53,2,FALSE,FALSE,0,5,2,6,19,-0.138400368
3778,0.2808167,0.003962112,FALSE,TRUE,1.33333,41,2,FALSE,FALSE,0,5,2,6,19,-0.072632628
3779,0.213051062,-0.002267066,FALSE,TRUE,1.34483,37,2,FALSE,FALSE,0,4,2,6,19,-0.022956979
3780,0.238733076,0.006586516,FALSE,TRUE,1.72414,183,2,FALSE,FALSE,0,5,2,6,19,-0.020390543
3781,0.214627807,-0.019400358,FALSE,TRUE,1.33333,114,2,FALSE,FALSE,0,5,2,6,19,0.096994944
3782,0.164051182,0.021085009,FALSE,TRUE,1.48148,90,2,FALSE,FALSE,0,5,2,6,19,-0.047185279
3783,0.169915069,0.005363573,FALSE,TRUE,1.35714,72,2,FALSE,FALSE,0,4,2,6,19,0.093428739
3784,0.047357915,0.012524032,FALSE,TRUE,1.33333,197,2,FALSE,FALSE,0,7,2,6,19,0.057757372
3785,0.171219389,0.017351244,FALSE,TRUE,1.77778,92,2,FALSE,FALSE,0,4,3,6,19,0.052855748
3786,0.154068413,-0.011115297,FALSE,TRUE,1.33333,719,2,FALSE,FALSE,0,4,2,6,19,-0.167851661
3787,0.218126107,-0.038498914,FALSE,TRUE,1.33333,230,2,FALSE,FALSE,0,5,2,6,19,0.027627469
3788,0.183641088,0.005357079,FALSE,TRUE,1.33333,86,2,FALSE,FALSE,0,7,3,6,19,-0.057114135
3789,0.29815754,-0.011037633,FALSE,TRUE,1.33333,395,2,FALSE,FALSE,0,9,2,6,19,0.116121581
3790,0.227277894,-0.007096252,FALSE,TRUE,1.45455,530,2,FALSE,FALSE,0,4,3,6,18,0.004739424
3791,0.124168726,0.006849277,FALSE,TRUE,1.33333,581,2,FALSE,FALSE,0,4,2,6,18,0.03622876
3792,0.132491371,0.006844685,FALSE,TRUE,1.33333,70,2,FALSE,FALSE,0,4,2,6,18,0.041757379
3793,0.000866007,0.00741731,FALSE,TRUE,1.72414,497,2,FALSE,FALSE,0,4,2,6,18,-0.148969951
3794,0.162054529,-0.013057104,FALSE,TRUE,1.73913,136,2,FALSE,FALSE,0,5,2,6,18,-0.02851588
3795,0.360954619,0.010770978,FALSE,TRUE,1.77778,211,3,TRUE,TRUE,0,2,5,6,18,-0.029691005
3796,-0.129038339,0.00724481,FALSE,TRUE,1.33333,900,2,FALSE,FALSE,0,10,3,6,18,-0.117015321
3797,0.067456854,-0.013965824,FALSE,TRUE,1.3,277,2,FALSE,FALSE,0,5,2,6,18,-0.117324996
3798,0.108244153,-0.021955278,FALSE,TRUE,1.72414,278,2,FALSE,FALSE,0,4,2,6,18,-0.034714713
3799,0.065227385,0.009095751,FALSE,TRUE,1.72414,42,2,FALSE,FALSE,0,5,2,6,18,0.061914685
3800,0.09500403,-0.001923964,FALSE,TRUE,1.33333,146,2,FALSE,FALSE,0,5,2,6,18,-0.054967639
3801,0.090949744,0.003360809,FALSE,TRUE,1.33333,357,2,FALSE,FALSE,0,4,2,6,18,-0.017049868
3802,-0.096236789,0.016342095,FALSE,TRUE,1.75,479,2,FALSE,FALSE,0,5,2,6,18,0.000211946
3803,0.08922751,0.025800249,FALSE,TRUE,1.48837,498,2,FALSE,FALSE,0,5,3,6,18,0.029817116
3804,0.232907931,0.015595333,FALSE,TRUE,1.77778,114,3,TRUE,TRUE,0,2,5,6,18,0.019524318
3805,0.018644187,0.014726637,FALSE,TRUE,1.77778,343,2,FALSE,FALSE,0,10,4,6,18,0.128900558
3806,-0.043559628,0.018465691,FALSE,TRUE,1.72414,345,2,FALSE,FALSE,0,5,2,6,18,-0.053082385
3807,-0.004791558,0.007679777,FALSE,TRUE,1.72414,86,2,FALSE,FALSE,0,5,2,6,18,0.246761781
3808,0.113473093,0.001312382,FALSE,TRUE,1.33333,349,2,FALSE,FALSE,0,4,2,6,18,0.051717856
3809,-0.01180453,0.026796429,FALSE,TRUE,1.73913,100,2,FALSE,FALSE,0,6,2,6,18,-0.363475004
3810,-0.026344355,0.00270917,FALSE,TRUE,1.72414,141,2,FALSE,FALSE,0,4,2,6,18,-0.220147179
3811,0.059942298,0.009879501,FALSE,TRUE,1.33333,158,2,FALSE,FALSE,0,5,2,6,18,0.201566821
3812,0.304249458,-0.032933417,FALSE,TRUE,1.33333,79,2,FALSE,FALSE,0,5,2,6,18,0.188018666
3813,0.093443903,0.039266217,FALSE,TRUE,1.72414,133,2,FALSE,FALSE,0,5,2,6,18,0.054677362
3814,0.284276806,-0.010379278,FALSE,TRUE,1.33333,482,2,FALSE,FALSE,0,6,2,6,18,0.108516244
3815,-0.129038339,0.013484292,FALSE,TRUE,1.33333,901,2,FALSE,FALSE,0,10,3,6,18,-0.081389087
3816,0.132439403,-0.023375734,FALSE,TRUE,1.72414,94,2,FALSE,FALSE,0,5,2,6,18,0.046242544
3817,0.137069606,0.009182361,FALSE,TRUE,1.33333,51,2,FALSE,FALSE,0,5,2,6,18,-0.048711518
3818,0.103756916,0.022371091,FALSE,TRUE,1.72414,203,2,FALSE,FALSE,0,6,2,6,18,0.017079905
3819,0.258363321,-0.020613147,FALSE,TRUE,1.72414,94,2,FALSE,FALSE,0,7,2,6,18,-0.024756234
3820,0.143483516,-0.020904695,FALSE,TRUE,1.72414,98,2,FALSE,FALSE,0,7,2,6,18,0.097591336
3821,0.058730148,-0.023186122,FALSE,TRUE,1.33333,499,2,FALSE,FALSE,0,4,2,6,18,-0.078567498
3822,0.1489006,0.006498465,FALSE,TRUE,1.72414,443,2,FALSE,FALSE,0,3,2,6,18,-0.010965314
3823,0.036263894,-0.023410615,FALSE,TRUE,1.72414,180,2,FALSE,FALSE,0,5,2,6,18,-0.088689018
3824,0.198896255,0.028403675,FALSE,TRUE,1.48148,260,2,FALSE,FALSE,0,8,2,6,18,0.12625125
3825,0.172611139,0.017355292,FALSE,TRUE,1.72414,565,2,FALSE,FALSE,0,4,2,6,18,0.085644457
3826,-0.007670753,-0.018307882,FALSE,TRUE,1.72414,282,2,FALSE,FALSE,0,5,2,6,18,-0.144561437
3827,0.015635631,0.020114792,FALSE,TRUE,1.72414,291,2,FALSE,FALSE,0,4,2,6,18,-0.121467422
3828,0.020730317,-0.012059574,FALSE,TRUE,1.72414,346,2,FALSE,FALSE,0,7,2,6,18,0.005458354
3829,0.118476264,-0.003804423,FALSE,TRUE,1.72414,146,2,FALSE,FALSE,0,5,2,6,18,-0.102372963
3830,0.060795448,-0.011291416,FALSE,TRUE,1.72414,514,2,FALSE,FALSE,1,6,2,6,18,0.047449778
3831,0.050891983,-0.012305196,FALSE,TRUE,1.77778,441,2,FALSE,FALSE,0,5,3,6,18,0.029686697
3832,0.022453115,-0.008786443,FALSE,TRUE,1.48837,697,2,FALSE,FALSE,2,10,3,6,18,0.21757373
3833,0.194008795,0.001746662,FALSE,TRUE,1.72414,235,2,FALSE,FALSE,0,4,2,6,18,0.122695873
3834,0.03299753,0.015312108,FALSE,TRUE,1.72414,228,2,FALSE,FALSE,0,5,2,6,18,-0.064080815
3835,0.082978274,-0.007636669,FALSE,TRUE,1.72414,46,2,FALSE,FALSE,0,5,2,6,18,0.095018533
3836,0.038775677,0.015741368,FALSE,TRUE,1.33333,331,2,FALSE,FALSE,2,9,2,6,18,-0.045021859
3837,-0.108135146,-0.000515202,FALSE,TRUE,1.33333,376,2,FALSE,FALSE,0,4,2,6,18,0.036765108
3838,0.052478035,-0.015579876,FALSE,TRUE,1.72414,499,2,FALSE,FALSE,0,8,2,6,18,0.022190355
3839,0.17846917,0.013388707,FALSE,TRUE,1.33333,86,2,FALSE,FALSE,0,4,2,6,18,-0.049846405
3840,0.027010278,-0.001992296,FALSE,TRUE,1.33333,478,2,FALSE,FALSE,0,1,3,6,18,-0.269616983
3841,-0.129038339,-0.002384404,FALSE,TRUE,1.33333,900,2,FALSE,FALSE,1,10,3,6,18,-0.201538263
3842,0.239969491,0.010416335,FALSE,TRUE,1.77778,87,3,TRUE,TRUE,0,3,4,6,18,-0.139313651
3843,0.078591663,0.019326634,FALSE,TRUE,1.77778,161,2,TRUE,TRUE,1,14,5,6,18,0.012023193
3844,0.165126472,0.016609216,FALSE,TRUE,1.77778,115,3,TRUE,TRUE,0,3,4,6,18,0.176247719
3845,-0.072233884,0.012543359,FALSE,TRUE,1.77778,1080,3,TRUE,TRUE,0,2,5,6,18,0.082962268
3846,-0.013331632,0.005433103,FALSE,TRUE,1.81818,120,3,TRUE,TRUE,0,3,3,6,18,-0.135863149
3847,0.018644187,0.010521099,FALSE,TRUE,1.77778,265,2,FALSE,FALSE,0,10,4,6,18,0.00618812
3848,0.141848352,-0.019266013,FALSE,TRUE,1.72414,74,2,FALSE,FALSE,0,4,2,6,18,-0.129659187
3849,-0.047215503,-0.017730986,FALSE,TRUE,1.77778,161,2,FALSE,FALSE,0,10,4,6,18,0.142676057
3850,0.320798706,0.013225432,FALSE,TRUE,1.72414,272,2,FALSE,FALSE,0,4,2,6,18,-0.022937842
3851,0.180582426,-0.031808813,FALSE,TRUE,1.72414,35,2,FALSE,FALSE,1,6,2,6,17,-0.207933476
3852,0.164512208,0.010339269,FALSE,TRUE,1.72414,119,2,FALSE,FALSE,0,4,2,6,17,0.177519354
3853,0.260123212,0.003743638,FALSE,TRUE,1.72414,221,2,FALSE,FALSE,0,5,2,6,17,0.021544488
3854,0.22917888,0.003026313,FALSE,TRUE,1.48148,316,2,FALSE,FALSE,0,4,2,6,17,0.019791444
3855,0.223093151,0.002483279,FALSE,TRUE,1.73913,289,2,FALSE,FALSE,0,5,2,6,17,0.021945474
3856,0.409594023,-0.038428869,FALSE,TRUE,1.72414,138,2,FALSE,FALSE,1,4,2,6,17,-0.078157206
3857,0.105123982,0.000298183,FALSE,TRUE,1.72414,237,2,FALSE,FALSE,0,6,2,6,17,0.179584623
3858,0.186301705,0.022241563,FALSE,TRUE,1.72414,190,2,FALSE,FALSE,0,5,2,6,17,0.12557761
3859,-0.129038339,0.009075561,FALSE,TRUE,1.33333,327,2,FALSE,FALSE,1,2,3,6,17,-0.090633613
3860,0.358932656,0.019705351,FALSE,TRUE,1.77778,82,3,TRUE,TRUE,0,3,4,6,17,0.091146955
3861,0.128784836,0.021097888,FALSE,TRUE,1.81818,84,3,TRUE,TRUE,0,3,3,6,17,-0.141608216
3862,0.030405895,0.014273673,FALSE,TRUE,1.48837,97,2,FALSE,FALSE,0,4,3,6,17,0.100462251
3863,0.120454167,0.01214398,FALSE,TRUE,1.33333,71,2,FALSE,FALSE,0,10,2,6,17,0.052602641
3864,0.154841762,0.011209416,FALSE,TRUE,1.73913,51,2,FALSE,FALSE,0,5,2,6,17,-0.079733928
3865,0.190961654,0.000563381,FALSE,TRUE,1.48148,203,2,FALSE,FALSE,0,5,2,6,17,0.033233389
3866,0.164911882,0.00672635,FALSE,TRUE,1.48148,167,2,FALSE,FALSE,0,5,2,6,17,0.121813912
3867,0.227414662,0.016773463,FALSE,TRUE,1.48148,173,2,FALSE,FALSE,0,4,2,6,17,0.18821706
3868,0.17430384,-0.008265753,FALSE,TRUE,1.72414,209,2,FALSE,FALSE,0,5,2,6,17,-0.150115143
3869,0.223964899,0.008772315,FALSE,TRUE,1.48148,166,2,FALSE,FALSE,0,5,2,6,17,0.08211179
3870,0.219837286,0.009635301,FALSE,TRUE,1.73913,198,2,FALSE,FALSE,0,6,2,6,17,-0.010797441
3871,0.140001424,-0.016792746,FALSE,TRUE,1.72414,181,2,FALSE,FALSE,0,4,2,6,17,-0.121036535
3872,0.392273551,-0.032325697,FALSE,TRUE,1.72414,149,2,FALSE,FALSE,0,6,2,6,17,-0.154620401
3873,0.087979071,0.002163947,FALSE,TRUE,1.72414,204,2,FALSE,FALSE,0,5,2,6,17,0.135197915
3874,0.231297115,-0.007392107,FALSE,TRUE,1.72414,158,2,FALSE,FALSE,0,6,2,6,17,-0.081193585
3875,0.224071044,0.007851312,FALSE,TRUE,1.48148,208,2,FALSE,FALSE,0,6,2,6,17,0.153364252
3876,0.212727571,-0.019368706,FALSE,TRUE,1.48148,340,2,FALSE,FALSE,0,5,2,6,17,0.026298533
3877,-0.062838509,-0.008426366,FALSE,TRUE,1.51111,43,3,TRUE,TRUE,0,3,4,6,17,-0.049449273
3878,0.183054252,0.008533015,FALSE,TRUE,1.72414,217,2,FALSE,FALSE,0,4,2,6,17,0.088547634
3879,0.100346126,-0.006267247,FALSE,TRUE,1.72414,128,2,FALSE,FALSE,0,5,2,6,17,0.127178241
3880,0.286831383,0.023887471,FALSE,TRUE,1.81818,29,3,TRUE,TRUE,0,3,3,6,17,-0.101904966
3881,0.069231402,-0.010203358,FALSE,TRUE,1.33333,65,2,FALSE,FALSE,0,6,3,6,17,-0.053869086
3882,0.610654682,0.0181326,FALSE,TRUE,1.77778,58,3,TRUE,TRUE,0,3,1,6,17,0.101309307
3883,0.241542448,0.024901737,FALSE,TRUE,1.76471,69,3,TRUE,TRUE,0,3,3,6,17,-0.110739619
3884,0.185990203,0.017632505,FALSE,TRUE,1.77778,543,2,FALSE,FALSE,0,5,3,6,17,-0.158737179
3885,0.034477082,0.018960478,FALSE,TRUE,1.77778,723,3,TRUE,TRUE,0,2,5,6,17,0.178945442
3886,-0.012411352,-0.02315662,FALSE,TRUE,1.77778,609,2,TRUE,TRUE,0,10,0,6,17,-0.013814316
3887,0.017054576,0.011027148,FALSE,TRUE,1.46667,60,2,FALSE,FALSE,0,7,2,6,17,0.063691857
3888,0.017054576,0.011319101,FALSE,TRUE,1.46667,60,2,FALSE,FALSE,0,7,2,6,17,0.063691857
3889,0.041879408,-0.015304788,FALSE,TRUE,1.77778,71,7,FALSE,FALSE,1,3,2,6,17,-0.323199597
3890,-0.006057632,-0.012796663,FALSE,TRUE,1.77778,939,3,TRUE,TRUE,0,2,5,6,17,0.112918704
3891,-0.008205082,0.003931877,FALSE,TRUE,1.77778,861,3,TRUE,TRUE,0,2,5,6,17,0.182481853
3892,-0.032092369,0.012844868,FALSE,TRUE,1.72973,526,2,FALSE,FALSE,0,4,3,6,16,-0.027420666
3893,0.287531832,-0.018510279,FALSE,TRUE,1.6,157,2,FALSE,FALSE,0,6,3,6,16,0.101074084
3894,-0.021389624,-0.016418997,FALSE,TRUE,1.77778,1244,2,FALSE,FALSE,0,1,3,6,16,0.099531693
3895,0.13197643,0.001849021,FALSE,TRUE,1.77778,232,2,FALSE,FALSE,0,1,3,6,16,0.001773051
3896,0.20944103,0.002894354,FALSE,TRUE,1.77778,31,3,TRUE,TRUE,0,3,4,6,16,-0.203174883
3897,0.229054609,0.009312577,FALSE,TRUE,1.77778,456,3,TRUE,TRUE,0,3,5,6,16,0.038119437
3898,0.175745194,0.014397213,FALSE,TRUE,1.81818,146,3,TRUE,TRUE,0,3,3,6,16,-0.244581332
3899,0.113364041,0.01598777,FALSE,TRUE,1.33333,59,2,FALSE,FALSE,0,7,2,6,16,-0.038404374
3900,0.161572066,0.001414741,FALSE,TRUE,1.22222,296,7,FALSE,FALSE,0,4,2,6,16,0.100264137
3901,0.011713196,-0.036095218,FALSE,TRUE,1.6,126,2,FALSE,FALSE,0,6,3,6,16,-0.161878298
3902,-0.036445364,-0.027295699,FALSE,TRUE,1.33333,64,7,FALSE,FALSE,1,6,2,6,16,-0.080329335
3903,0.128913139,-0.034130737,FALSE,TRUE,1.77778,228,2,FALSE,FALSE,0,9,4,6,16,0.341040161
3904,0.059794797,0.024816598,FALSE,TRUE,1.48837,2072,2,FALSE,FALSE,0,2,2,6,16,-0.005864858
3905,0.059794797,0.015735216,FALSE,TRUE,1.48837,2071,2,FALSE,FALSE,0,2,2,6,16,0.027842519
3906,-0.033429693,0.013805074,FALSE,TRUE,1.77778,1007,3,TRUE,TRUE,0,2,5,6,16,0.042778279
3907,-0.022795395,-0.004608746,FALSE,TRUE,1.77778,53,3,TRUE,TRUE,0,3,4,6,16,0.192295311
3908,-0.179226981,-0.023854864,FALSE,TRUE,1.77778,56,2,TRUE,TRUE,0,7,5,6,16,0.066858359
3909,-0.077082464,-0.001921852,FALSE,TRUE,1.77778,938,3,TRUE,TRUE,0,2,5,6,15,-0.028327432
3910,-0.129038339,0.003908178,FALSE,TRUE,1.77778,993,2,FALSE,FALSE,1,0,3,6,15,0.048405218
3911,-0.129038339,-0.015077354,FALSE,TRUE,1.77778,15,2,FALSE,FALSE,0,8,3,6,15,0.048405218
3912,-0.024697702,-0.004168357,FALSE,TRUE,1.77778,291,2,FALSE,FALSE,0,1,4,6,15,0.089976227
3913,0.316088055,-0.010427639,FALSE,TRUE,1.77778,57,2,FALSE,FALSE,1,5,3,6,15,0.017398909
3914,-0.051548742,0.013959046,FALSE,TRUE,1.77778,66,2,FALSE,FALSE,0,10,3,6,15,0.112415503
3915,-0.079395116,0.01314026,FALSE,TRUE,1.77778,831,3,TRUE,TRUE,0,2,5,6,15,0.046586737
3916,0.316088055,-0.003592081,FALSE,TRUE,1.77778,59,2,FALSE,FALSE,3,4,3,6,15,0.031448315
3917,0.021697844,-0.015734491,FALSE,FALSE,1.33333,42,2,TRUE,TRUE,0,13,3,6,15,-0.001456281
3918,0.066938868,-0.027098196,FALSE,TRUE,1.77778,57,2,FALSE,FALSE,1,9,4,6,15,0.013180838
3919,0.158953115,-0.024646594,FALSE,TRUE,1.77778,340,3,TRUE,TRUE,0,2,5,6,15,0.086002519
3920,0.111631708,0.015357677,FALSE,TRUE,1.33333,85,2,FALSE,FALSE,0,10,3,6,15,-0.030392331
3921,0.015531672,-0.002133494,FALSE,TRUE,1.77778,40,2,FALSE,FALSE,0,9,4,6,15,0.172605624
3922,-0.083290917,0.007491608,FALSE,TRUE,1.77778,89,3,TRUE,TRUE,0,3,4,6,15,-0.08650628
3923,-0.18232437,0.026113407,FALSE,TRUE,1.77778,802,3,TRUE,TRUE,0,2,5,6,15,0.022979938
3924,0.017839744,-0.003057381,FALSE,FALSE,1.33333,43,2,TRUE,TRUE,0,11,3,6,15,-0.064409782
3925,-0.129038339,0.010228092,FALSE,TRUE,1.77778,225,2,FALSE,FALSE,0,0,3,6,15,-0.083739338
3926,0.36623777,0.004183353,FALSE,TRUE,1.48837,1500,2,FALSE,FALSE,0,2,2,6,15,0.170272737
3927,-0.184637012,0.01735998,FALSE,TRUE,1.76471,758,3,TRUE,TRUE,0,2,4,6,15,0.097894109
3928,-0.036414602,0.00304601,FALSE,TRUE,1.77778,346,2,FALSE,FALSE,0,0,3,6,15,0.216992684
3929,0.058597034,0.009782249,FALSE,TRUE,2.28571,212,2,TRUE,FALSE,2,6,5,6,15,0.009210054
3930,-0.129038339,0.009318155,FALSE,TRUE,1.33333,37,2,FALSE,FALSE,0,0,2,6,15,0.085442118
3931,0.027666464,0.014629698,FALSE,TRUE,1.48837,1860,2,FALSE,FALSE,3,8,2,6,15,-0.017851364
3932,0.061941315,-0.001125471,FALSE,TRUE,1.77778,57,2,TRUE,TRUE,6,8,5,6,15,0.106590622
3933,0.160224218,-0.004213115,FALSE,TRUE,1.77778,185,2,TRUE,FALSE,1,2,5,6,15,-0.101055744
3934,0.355294869,-0.015367331,FALSE,TRUE,1.77778,308,2,FALSE,FALSE,0,1,4,6,14,-0.098846913
3935,0.170854115,0.024388487,FALSE,TRUE,1.77778,149,3,TRUE,TRUE,0,3,5,6,14,0.080641018
3936,0.107152055,0.022867037,FALSE,TRUE,1.33333,119,2,FALSE,FALSE,0,1,3,6,14,0.031623787
3937,0.12193408,0.008346684,FALSE,TRUE,1.33333,600,2,FALSE,FALSE,0,10,3,6,14,0.052270793
3938,0.060433199,0.010362815,FALSE,TRUE,1.76471,1219,3,TRUE,TRUE,0,2,4,6,14,-0.013104011
3939,0.26689006,-0.008979428,FALSE,FALSE,1.33333,55,2,TRUE,TRUE,0,12,3,6,14,0.001528799
3940,0.075265072,0.018146994,FALSE,TRUE,1.77778,285,2,FALSE,FALSE,0,3,4,6,14,-0.241706095
3941,-0.04297535,0.034868448,FALSE,TRUE,1.33333,219,2,TRUE,FALSE,0,1,2,6,14,-0.151750075
3942,0.057927825,-0.012811925,FALSE,TRUE,1.77778,926,3,TRUE,TRUE,0,2,5,6,14,0.068052999
3943,0.013996988,0.004240313,FALSE,TRUE,1.77778,139,2,FALSE,FALSE,1,0,4,6,14,0.135652029
3944,0.020494161,0.015822539,FALSE,TRUE,1.48837,403,2,FALSE,FALSE,3,10,3,6,14,0.128484531
3945,0.132283064,-0.037707006,FALSE,TRUE,1.77778,132,2,TRUE,FALSE,1,10,5,6,14,-0.129875642
3946,0.089541347,0.006306468,FALSE,TRUE,1.77778,153,2,FALSE,FALSE,0,11,4,6,14,0.060707644
3947,0.162247188,-0.007953491,FALSE,TRUE,1.77778,158,2,FALSE,FALSE,0,7,4,6,14,-0.055208651
3948,0.061644907,-0.0020948,FALSE,TRUE,1.33333,369,2,FALSE,FALSE,1,6,3,6,14,0.03479692
3949,-0.129038339,0.044911848,FALSE,TRUE,1.33333,80,2,FALSE,FALSE,0,3,2,6,14,-0.326612865
3950,0.196712261,0.018272875,FALSE,TRUE,1.77778,1716,2,FALSE,FALSE,0,7,3,6,14,-0.183225018
3951,0.169293051,0.016139943,FALSE,TRUE,1.77778,30,2,FALSE,FALSE,0,10,4,6,14,0.036803781
3952,-0.024695179,0.010531324,FALSE,TRUE,1.33333,91,2,FALSE,FALSE,0,1,2,6,14,0.270801743
3953,-0.024695179,-0.004488178,FALSE,TRUE,1.33333,112,2,FALSE,FALSE,0,2,2,6,14,0.543612208
3954,0.069725285,-0.043162257,FALSE,TRUE,1.79412,340,2,FALSE,FALSE,0,4,2,6,14,-0.10244042
3955,0.042618208,0.022717721,FALSE,TRUE,1.77778,1117,3,TRUE,TRUE,0,2,5,6,14,0.079227577
3956,0.012352803,-0.008801382,FALSE,TRUE,1.77778,49,2,FALSE,FALSE,0,10,4,6,14,0.042822752
3957,0.105772166,0.005302809,FALSE,TRUE,1.33333,45,2,FALSE,FALSE,0,10,4,6,14,0.086240901
3958,0.126771929,-0.003480046,FALSE,TRUE,1.33333,102,2,FALSE,FALSE,0,3,2,6,14,-0.186197217
3959,0.016273194,0.024735516,FALSE,TRUE,1.77778,61,3,TRUE,TRUE,0,3,4,6,14,-0.107043211
3960,0.282713292,0.017490794,FALSE,TRUE,1.77778,46,2,TRUE,TRUE,0,18,5,6,14,-0.188309602
3961,0.101115644,0.022366996,FALSE,TRUE,1.33333,45,2,FALSE,FALSE,0,10,4,6,14,0.022766157
3962,0.200036462,-0.017194699,FALSE,TRUE,1.33333,39,2,FALSE,FALSE,0,5,3,6,13,0.219804758
3963,0.114824996,-0.011367447,FALSE,TRUE,1.33333,39,2,FALSE,FALSE,0,10,4,6,13,-0.058766313
3964,-0.129038339,0.001044862,FALSE,TRUE,1.33333,240,2,FALSE,FALSE,0,0,3,6,13,0.002820314
3965,0.133119052,-0.009788915,FALSE,TRUE,1.77778,114,2,FALSE,FALSE,0,13,3,6,13,0.13230706
3966,0.123840265,-0.014898986,FALSE,TRUE,1.33333,43,2,FALSE,FALSE,0,10,4,6,13,0.119003673
3967,0.025936669,0.01278892,FALSE,TRUE,1.77778,257,3,TRUE,TRUE,0,2,3,6,13,0.229243768
3968,-0.024695179,0.009354375,FALSE,TRUE,1.33333,60,2,FALSE,FALSE,0,1,2,6,13,-0.234822869
3969,0.163597134,0.013903521,FALSE,TRUE,1.73913,234,2,FALSE,FALSE,0,1,2,6,13,-0.071085817
3970,0.052191368,-0.006337876,FALSE,TRUE,1.77778,142,2,FALSE,FALSE,0,10,3,6,13,-0.18619787
3971,-0.124150754,-0.007490246,FALSE,TRUE,1.33333,260,2,FALSE,FALSE,1,8,2,6,13,-0.002215969
3972,0.135823611,0.011382464,FALSE,TRUE,1.33333,45,2,FALSE,FALSE,0,10,4,6,13,0.037471195
3973,0.12462586,0.01371795,FALSE,TRUE,1.73913,1862,4,FALSE,FALSE,0,9,2,6,13,0.063553012
3974,-0.124150754,0.003827464,FALSE,TRUE,1.33333,370,2,FALSE,FALSE,2,7,2,6,13,0.099210579
3975,-0.129038339,0.024504525,FALSE,TRUE,1.77778,177,2,FALSE,FALSE,0,1,3,6,13,-0.113301183
3976,0.101348462,-0.016829802,FALSE,TRUE,1.77778,49,3,TRUE,TRUE,0,2,4,6,13,0.170461126
3977,0.096758361,0.020577547,FALSE,TRUE,1.77778,65,3,TRUE,TRUE,0,2,4,6,13,0.175565008
3978,0.056189511,-0.006003189,FALSE,TRUE,1.77778,105,2,FALSE,FALSE,0,2,4,6,13,-0.142474292
3979,0.062286754,0.006851627,FALSE,TRUE,1.77778,44,3,TRUE,TRUE,0,2,4,6,13,0.233008434
3980,-0.124150754,0.013205901,FALSE,TRUE,1.33333,279,2,FALSE,FALSE,2,7,2,6,13,0.085373256
3981,0.111477853,0.035994906,FALSE,TRUE,1.33333,35,2,FALSE,FALSE,0,10,4,6,13,0.156299345
3982,0.062649703,0.005858715,FALSE,TRUE,1.77778,46,3,TRUE,TRUE,0,2,4,6,13,0.248127275
3983,-0.024695179,0.017360475,FALSE,TRUE,1.33333,91,2,FALSE,FALSE,0,1,2,6,13,-0.088227457
3984,0.084658835,0.021877167,FALSE,TRUE,1.77778,72,3,TRUE,TRUE,0,2,4,6,13,0.145460679
3985,-0.151110779,-0.03776245,FALSE,TRUE,1.33333,82,7,FALSE,FALSE,0,9,3,6,13,-0.145117545
3986,-0.100476225,0.000420775,FALSE,TRUE,1.34091,88,2,FALSE,FALSE,0,4,3,6,13,-0.101057194
